Review,Label
నేను మూడు నెలల ముందు ఒక కొత్త సామ్సంగ్J2 2016 పరికరాన్ని కొనుగోలు చేసాను ఇప్పుడు దాని ఉపయోగం లేదు ఛార్జింగ్ పోర్ట్ పని చెయ్యటం లేదు ప్రతిసారీ ఆగిపోతూ ఉంటుంది  నేను ఈ పరికరంతో పూర్తిగా విసుగు చెందాను  నేను సామ్సంగ్ కేర్ కు వెళ్ళినప్పుడు వారు ఇది ఒక సాధారణ సమస్య రిపేయిర్ అవ్వదు అని చెప్పారు నేను ఈ పరికరాన్ని కొనుగోలు చేసి డబ్బులు దండగ చేసాను నేను ఇంటర్నెట్ లో వెతికి నప్పుడు  ఈ మోడల్కి వ్యతిరేకంగా చాలా ఫిర్యాదులు ఉన్నాయి  కాబట్టి గైస్ దీనిని కొనుగోలు చేయ్యద్దు,0
నా దగ్గర రెడ్మి నోట్ 3 32 gb and 3gb  ఉంది ఇది అద్భుతమైన ఫోన్ మరియు ఆపిల్ ఫోన్ల వలె కనిపిస్తుంది ఇది 12000 పరిధిలో నేను ఊహించని పలు ఫీచర్స్ కలిగి ఉంది నేను ఈ ఫోన్ను ఇతరులకు సూచిస్తాను ఎందుకంటే దీనిలో అనేక అద్భుతమైన ఫీచర్స్ ఉన్నాయి  ఇది మంచి బడ్జెట్ ఫోన్ మరియు ఇది ప్రజలను ఆకర్షించే స్పష్టమైన సౌండ్ నాణ్యత కలిగి ఉంటుంది  రెడ్మి నోట్ 3 లో OTG సపోర్ట్ ఉంది మరియు దీనిలో హెక్సా- కోర్ మాక్స్ 1 8GHZ ఉంది ఇది Android యొక్క మార్ష్మల్లౌ వర్షన్ని సపోర్ట్ చేస్తుంది,1
నేను ఈ కెమెరాని ఉపయోగించాను నేను ఎదుర్కొన్న మొట్టమొదటి విషయం ఏమిటంటే అది స్పష్టంగా లేదు మరియు ఫ్లాష్ కూడా కొద్దిగా తక్కువ నాణ్యతతో ఉంది సాధారణంగా మంచి కెమెరా గేర్ తెలుపు ఫ్లాష్ ఇస్తుంది కానీ ఇది పసుపు ఫ్లాష్ ఇస్తుంది   ధర కూడా కొంచం ఎక్కువగా ఉందని నేను భావిస్తున్నాను చిత్రం నాణ్యత చాలా స్పష్టంగా ఉంది దీనిలో మంచి ఫీచర్లు కూడా ఉన్నాయి కానీ కానన్లో ఉన్న రివైన్డిగ్ నాణ్యత అంత కాదు,0
"హాయ్ ఫ్రెండ్స్ నేను ఈ సామ్సంగ్ led ఉత్పత్తుల గురించి చెప్పాలనుకుంటున్నాను  నేను ఇప్పటికే ఈ సామ్సంగ్ ఉత్పత్తులను సామ్సంగ్ TV 26"" సుమారు 8 సంవత్సరాలు  సామ్సంగ్ Led 4 సంవత్సరాలు ఉపయోగించాను చాలా ఉత్తమమైనవి మరియు సమస్యలు ఏవీ లేవు   ఈ ఉత్పత్తులు hd లేదా నాన్ hd ఛానెల్లలో చాలా అధిక నాణ్యతను ఇస్తాయి మరియు అద్భుతమైన సౌండ్ నాణ్యత  అన్ని led ఉత్పత్తులకు కంపెనీ ఒక సంవత్సరం వారంటీ ఇస్తుంది మరియు ఉత్తమ ఇంటి సెర్విస్ అందించబడుతుంది  దేశవ్యాప్త సేవ అందుబాటులో ఉంది మరియు ధర ఎక్కువ కాదు మరియు ఇవి బడ్జెట్లో ఉన్నాయి",1
ఈ ఫోన్కు మంచి పేరు ఉన్నందున నేను జియోమి రెడ్మి4aని ఉపయోగిస్తున్నాను ఇది క్వాడ్ కోర్ ప్రాసెసర్ను ఉపయోగిస్తుంది ఇది రీడిమి 4A మోడల్ను ఉపయోగించింది  ఇది 16 gb అంతర్గత నిల్వను కలిగి ఉంది ఇది బంగారు రంగులో ఉంది దీనికి రెండు కేమరాలు ఉన్నాయి మొదటిది 13 0 mp రెండవది 5 0 mp  4G డాటా కేపబల్ ఫీచర్లు  ఎయిర్ జెస్చర్   బ్లూటూత్ ఎనేబల్డ  కలర్ స్క్రీన్  డ్యుయల్ కోర్   డ్యుయల్ సిమ్   ఈమేయిల్  ఎక్సటర్నల్ మెమొరీ ఉన్నాయి  దీని స్క్రీన్ సైజ్ 5  ఇంచులు - 5 9 ఇంచులు  డ్యుయల్ సిమ్   GSM + GSM   దీనిలో 2gb ram ఉంది,1
నేను ఈ ఫోన్ను తీసుకువచ్చాను కానీ బ్యాటరీ సామర్థ్యం కేవలం 3000 mAh మాత్రమే ఇది సరిపోదు  దీని ప్రాసెసర్ ఆక్టా ప్రాసెసర్ మంచి ప్రదర్శన కోసం తగినది కాదు దీని అంతర్గత మెమరీ 32gb సంస్థ ఈ మోడల్ ని  కిరీటం బంగారం  ఒక్క రంగులో మాత్రమే చేసింది దీని స్లాట్ 1 నానో సిమ్ మరియు స్లాట్ 2 మైక్రో సిమ్ / మైక్రో SD కార్డు  హైబ్రిడ్  నేను ఒక SIM కార్డును ఉపయోగిస్తే మరొక SIM కార్డును ఉపయోగించలేను ఇది ప్రధాన సమస్య మరియు దాని ముందు కెమెరా మంచిది కాదు నేను మొత్తంగా ఆలోచిస్తే ధర ఎక్కువ ఉంది మరియు దాని పనితీరు ఈ ధరకి తగినట్టు లేదు,0
అత్యల్ప ధరలో ఉత్తమ మొబైల్ చాలా స్లిమ్  రెడ్మీ లో ఉత్తమ తక్కువ ధర మొబైల్    నిర్దేశాలు చాలా బాగున్నాయి టచ్ వేగం బాగుంది నా సోదరుడు ఇటీవలే ఈ మొబైల్ ను కొన్నాడు సెన్సార్ కూడా బాగుంది ఈ మొబైల్ కొనుగోలు చేయడం మంచిది  చౌక మరియు ఉత్తమమైనది మరియు డబ్బుకు తగ్గ విలువ  రెడ్మి మొబైల్లను కొనుగోలు చేయమని నా సలహా,1
హాయ్ ఫ్రెండ్స్ నేడు నేను కోరియో LCD TV గురించి నా సమీక్ష ఇస్తున్నాను నేను ఈ TV గురించి నా వ్యక్తిగత అభిప్రాయాన్ని పంచుకుంటున్నాను ఈ TVని కొనుగోలు చేయమని నా స్నేహితుడు సూచించారు  నేను ఈ TVని కొనుగోలు చేయటానికి ఇష్టపడలేదు అయినా నేను అప్పటికీ ఈ TVని కొనవలసి వచ్చింది ఎందుకంటే అతను అది అత్యుత్తమమని చెప్పాడు కాబట్టి నేను ఈ TVని ఒక షోరూమ్ నుండి కొనుగోలు చేసాను ఇది ఒక ఖరీదైన TV ఈ TV యొక్క వీడియో నాణ్యత చాలా చెత్తది వారు 720p కు మద్దతు ఇస్తుంది అని చెప్పారు కాని ఇది 480p కే మద్దతు ఇస్తోంది ఈ TV స్పీకర్ సరిగా పనిచేయదు సౌండ్ నాణ్యతను స్పష్టం చేయడానికి బాహ్య స్పీకర్ను ఉపయోగించాలి ఈ TV పూర్తిగా డబ్బు దండగ ఈ TV సేవ చెత్తగా ఉంది ఈ TVని కొనుగోలు చేయవద్దు చదివినందుకు ధన్యవాదములు,0
ఫ్రెండ్స్ నికాన్ కూల్పిక్స్ b700 చాలా అరుదైన కెమెరా మరియు ఈ కెమెరా 60 మెగాపిక్సెల్స్ రిజల్యూషన్ ఇస్తుంది మరియు అది సూక్ష్మ tf కార్డుకు మద్దతిస్తుంది మరియు 3 గంటల బ్యాటరీ కాలం మంచి నాణ్యత కలిగిన మంచి చిత్రం దయచేసి ఈ ప్రోడక్ట్ని కొనుగోలు చేయండి ఒకవేళ మీకు నచ్చితే మీ డబ్బు మరియు సమయం వృధా,0
హలో ఫ్రెండ్స్ ఈ ఫోన్ కొనుగోలు చేయకూడదని నేను మీకు చెప్పాలనుకుంటున్నాను ఎందుకంటే ఈ ధర వద్ద  ఇప్పుడు ఒక 32gb వేరియంట్ కొనుగోలు చెయ్యవచ్చు  దీనిలో 16 gb ROM మాత్రమే ఉంది  దీని బ్యాటరీ 2730mah ఇది దీర్ఘ కాల బ్యాటరీ కాదు  దాని బ్యాటరీ బ్యాకప్ ఉపయోగించలేకుంటే 1 రోజు వస్తుంది కొన్ని భారీ గేమ్స్ ఆడినప్పుడు కొన్ని లాగ్స్ మరియు సమస్యలు తెరపై కనిపిస్తున్నాయి ఎక్కువసేపు దీనిని ఉపయోగించినప్పుడు ఇది వేడెక్కుతుంది దాని స్క్రీన్ పరిమాణం 5 2 అంగుళాలు దీని అర్థం మనము ఎక్కువసేపు సినిమాలు మరియు వీడియోలను ఆనందించలేము దీనికి క్వాడ్కోర్ ప్రాసెసర్ కూడా ఉంది ఈ ఫోన్ను ఎవ్వరూ కొనుగోలు చేయ్యద్దని సూచిస్తాను,0
ఈ ధర వద్ద జియామి ప్రారంభించిన మొబైల్లలో ఇది ఉత్తమం కానీ కొన్ని లోపాలవల్ల అది విజయవంతం అవ్వలేదు దాని ప్రధాన సమస్య సౌండ్ వ్యవస్థ సంగీతం స్పష్టత అంత మంచిగా లేదు  మొబైల్లో ఉపయోగించే స్పీకర్లు కారణంగా సౌండ్ నాణ్యత సరిగ్గా లేదు రెండవ సమస్య దాని హైబ్రిడ్ స్లాట్లు దీనివల్ల రెండు సిమ్స్ మరియు మెమెరా కార్డులను ఉపయోగించలేము ఒకే ఒక సిమ్ మరియు ఒక మెమరీ కార్డ్ ఉపయోగించవచ్చు లేదా రెండు సిమ్ లేదా ఒకే సమయంలో ఒక సిమ్ ఒక మెమరీ కార్డ్  అందువల్ల ఈ రెండు ప్రధాన సమస్యలు దీని నాణ్యతను తగ్గిస్తాయి లేకపోతే ఇది ఉత్తమ ఫోన్ కావచ్చు,0
హలో  గైస్ ఇప్పుడు నేను ఒక కోర్యో LCD TV గురించి నా సమీక్ష మీతో పంచుకుంటున్నాను కొద్ది రోజుల క్రితం నా దగ్గరి స్నేహితుడు ఈ TVని తెచ్చాడు మరియు నేను అధిక ధర వద్ద తీసుకున్నాను అని నాకు చూపించేడు కానీ కొద్దిరోజుల తర్వాత తన TV పనిచేయడం లేదని చెప్పాడు అప్పుడు అతను నిజమైన ధర నాకు చెప్పాడు కాబట్టి మీరు తక్కువ బడ్జెట్ వద్ద TV కొనుగోలు చేస్తే మీరు అనుకున్నన్ని రోజులు పనిచ్యెదు   గైస్ కాబట్టి నా అభిప్రాయం ఏమిటంటే ఈ TV పిక్చర్ నాణ్యత బాగోలేదు  అసాధారణ సౌండ్   డిజైన్ బాగోలేదు కొనుగోలు చేయడానికి ముందు ఆలోచించం,0
హాయ్ నికాన్ D80 కెమెరా చాలా చెత్తది మరియు ఈ కెమెరా నా స్నేహితులది నాది కాదు ఈ కెమెరా నాణ్యత చాలా చెత్తగా ఉన్నందువల్ల నా స్నేహితులు ఈ కెమెరా నాకు నచ్చదు అని చెప్పారు ఈ కెమెరా నాణ్యత  చెత్తగా ఉంది మరియు డబ్బుకు తగ్గ విలువ లేదు  షట్టర్ వేగం చాలా నెమ్మదిగా ఉంది కెమెరా బ్యాటరీ జీవితం చాలా తక్కివ  నా అనుభవం ప్రకారం ఈ కెమెరా  చాలా చెత్తది,0
వివిధ కారణాల వల్ల రికనెక్ట్ LED TV  నేను ఇష్టపడని ఒక టెలివిజన్ మా నగరం యొక్క షాపింగ్ మాల్ నుండి ఈ టెలివిజన్ని కొనుగోలు చేసాను  ఈ టెలివిజన్లో చాలా అప్రయోజనాలు ఉన్నాయి దాని వీడియో నాణ్యత మంచిది కానీ కొన్నిసార్లు దాని స్క్రీన్ లో సమస్య ఉంది  స్క్రీన్ మీద ఉన్న పిక్చర్ పైకి క్రిందికి వెళుతుంది మరియు దీని వల్ల ఏ కార్యక్రమాలు సరిగ్గా చూడలేము దీని సౌండ్ బాగుంది స్పీకర్ వాల్యూము 3 నెలలు 60 లో పెట్టి వింటే అప్పుడు దాని స్పీకర్ పాడవడం ప్రారంభమైంది  టెలివిజన్ ధర చాలా ఎక్కువగా ఉంది మొదట దీన్ని తగ్గించాలి,0
జియోమి రెడ్మి 4A మొబైల్ చాలా అద్భుతంగా ఉంది ఇది చాలా ప్రజాదరణ చెందిన మొబైల్ ఈ మొబైల్ ధర 5999 మాత్రమే ఈ ఫోన్ ఫీచర్లు చాలా బాగున్నాయి మరియు అది ఖరీదైనది కాదు ఈ ఫోన్ సులభంగా ఏ మొబైల్ స్టోర్లోను కొనుగోలు చేయవచ్చు మరియు సేవా కేంద్రాలు ప్రతిచోటా అందుబాటులో ఉంటాయి మరియు జియోమి రెడ్మి మొబైల్ సేవ చాలా బాగుంది వేగంగా పని మరియు సేవ కూడా బాగుంది,1
అందరికీ హలో   నేను DSLR లో గణనీయమైన కొలత చూసారు అయినా నేను నిపుణుడిని కాదు కానీ బదులుగా నా పిల్లల ప్రతి క్షణాలనీ ఈ కేమరాలో భందించాలనుకున్నాను ఈ కెమెరా నేను గేమ్ మోడ్లో లేదా ఆటో మోడ్లో ఉంచినప్పుడు భయంకరంగా ఉంది దానికి తగినంతగా లేదు బ్యాటరీ కూడా గొప్పగా ఏమీ లేదు నా సహచరుడి దగ్గర నికాన్ D5100  మరియు D5200 ఉన్నాయి అవి ఇంచుమించు ఇదే ధర అయితే అతనికి బ్యాటరీ మంచిది అతను 300-350 షాట్లు తీయగలుగుతున్నాడు నేను 250 షాట్లు తీసాను బ్యాటరీ 30% కి వచ్చేసింది కాబట్టి నేను మరీ ఎక్కువ షాట్లు తీసుకోలేను  నేను నిజంగా సంతోషంగా లేను ఎందుకంటే నాకు ఒక మంచి బ్యాటరీ అవసరం మరియు రోజూ బ్యాటరీలను చార్జ్ చెయ్యాలంటే నాకు అసహ్యం,0
ఈ శ్రేణిలో ఇది చాలా మంచి మొబైల్ ఫోన్ ఈ ధరలో ఎవరూ ఇన్ని ఫీచర్లను ఇవ్వరు  మీరు ఎక్కువగా ఆలోచించకండి తప్పక కొనుగోలు చేయండి  కెమెరా నాణ్యత చాలా మంచిది నేను ఈ ఫీచర్ల తో ఈ ధరలో ఏ ఇతర మొబైల్ ఫోన్ను ఎప్పుడూ చూడలేదు  కన్ఫ్యూజ్ అవ్వకండి ఇది చాలా మంచి స్మార్ట్ఫోన్ రోజూ ఉపయోగించడానికి పర్ఫెక్ట్ మరియు బ్యాటరీ మోడరేట్ వినియోగంలో 1 లేదా రెండు రోజులు సులభంగా పనిచేయగలదు,1
నేను ఈ కెమెరాను విస్తృత స్థాయి పరిస్థితుల్లో ఉపయోగించాను క్రీడలు సహా మరియు తక్కువ కాంతి పరిస్థితులలో కానీ ఎల్లప్పుడూ మంచి ఫలితాలు వచ్చాయి  కాంపాక్ట్ మరియు ఉపయోగించడానికి సులభమైనది నికాన్ DSLR  కొత్తది మరియు సరసమైనది తేలికైన మరియు అత్యంత కాంపాక్ట్  ఆధునిక మూడు ప్రాంత రిఫరెన్స్ సిస్టమ్ 2 5 అంగుళాల ఎల్సిడి తెర సుమారుగా 170° వీక్షణ కోణంతో ఉంటుంది లాంగ్ లైఫ్   చాలా పవర్ఫుల్ రీఛార్జిబుల్ li-ion బ్యాటరీ అంతరభాగంగా నిర్మిచబడిన ఫ్లాష్ తో ఉంది మరియు నికాన్ యొక్క ఆధారపడే I-TTL ఫ్లాష్ కన్ట్రోల్ తో,1
నేను 5 నెలల క్రితం ఈ TVని కొనుగోలు చేసాను  నేను కొనుగోలు చేసినప్పుడు దీని పనితీరు పిక్చర్ నాణ్యత మరియు సౌండ్ లో చాలా బాగుంది  గ్రామీణ ప్రాంతంలో ఈ TVకి కస్టమర్ సేవ అందుబాటులో లేదు  3  లేదా 4 నెలలు ఉపయోగించాకా TV బ్లింక్ అవ్వడం మొదలైంది రంగు నాణ్యత క్షీణించడం ప్రారంభమైంది సౌండ్ మీ చెవిని పాడుచేసేలా తయారయ్యింది  చెవుడు వచ్చేలే ఉంది దీని సౌండ్  అప్పటి నుండి నేను నా పిసి మానిటర్లా ఉపయోగించడం ప్రారంభించాను,0
హలో ఫ్రెండ్స్! నేను నికాన్ D60 గురించి చదివిన 10 సమీక్ష గురించి ఇది నికాన్ D60 రెడ్స్  బ్లూస్ మరియు కొన్ని ఆకుపచ్చ రంగులను కొంచెం పెంచుతుంది  అయితే వాస్తవానికి ప్రకాశవంతమైన పసుపు రంగును కొంచెం తగ్గిస్తుంది మంచి నాణ్యతతో నికాన్ D60 విలువైన ప్రవేశ-స్థాయి D-SLR  అది అసాధారణమైనది కాదు,0
ఈ కెమెరా నికాన్ D70 చాలా మంచిది  అద్భుతమైన పిక్చర్ నాణ్యత  మంచి బ్యాటరీ లైఫ్ చాలా యూజర్ ఫ్రెండ్లీ కెమెరా  షట్టర్ వేగం చాలా ఎక్కువగా ఉంటుంది,1
గత నెల నేను ఈ ప్రోడక్ట్ని కొనుగోలు చేసాను ఇది అద్భుతమైన TV  ఉత్తమమైనది పిక్చర్ మరియు అద్భుతమైన సౌండ్ నాణ్యత  అమేజింగ్ లుక్ మంచి సెర్విస్  తక్కువ బడ్జెట్కు మంచి వస్తువు  శ్లీక్ & అంప్  బ్రిల్లీంట్ డిస్ప్లయ్ నేను TV కొనుగోలు చేసే కొనుగోలుదారులు అందరికి దీన్ని  సిఫార్సు చేస్తాను  నిజంగా అద్భుతంగా ఉంది తప్పక కొనుగోలు చేయండి  డబ్బుకు తగ్గ విలువ రిలయన్స్ నుండి మంచి మద్దతులభించింది,1
హలో ఫ్రెండ్స్ జనవరి 28  2004 న ప్రకటించబడిన D70 కొత్త ఉప-$ 1  000 డిజిటల్ SLR కు నికాన్ యొక్క సమాధానం మేము ఒక సంవత్సరం క్రితం సమీక్షించినప్పుడు నికోన్ D70 కి ఐదు నక్షత్రాలను ఇచ్చాము దాని సంచలనాన్ని విడుదల చేసినప్పుడు నికోన్ వినియోగదారులు చాలా మంది ఖచ్చితంగా కానన్ను చూసి ఉంటారు,0
బడ్జెట్ ఫోన్గా నేటి మధ్యతరగతి ప్రజలకు అందుబాటులో ఉంటూ మి రెడ్మి నోట్ 3 ఫోన్ ఎటువంటి సందేహం లేకుండా అద్భుతమైన ఫోన్ అని నిరూపించింది  ఇది ఒక 3 GB RAM తో  32 gb అంతర్గత మెమరీతో  పూర్తి HD డిస్ప్లయ్ స్క్రీన్ మరియు భారీ వినియోగం కోసం భారీ బ్యాటరీ జీవితం తో వస్తుంది ఇతర స్మార్ట్ఫోన్లు లాకాకుండా రెడ్మి నోట్ 3 ఒక ఎవోల్యూషనరీ మార్పు తెచ్చిపెట్టింది స్మార్ట్ వేలిముద్ర స్కానర్తో  మరియు వేగవంతమైన స్పందనతో  ఇది అనేక థీమ్స్ తో వస్తుంది మీరు ఉచితంగా జియోమి దుకాణం నుండి కొనుగోలు చేయవచ్చు  కేవలం ఒకటే సమస్య ఉంది ఫోన్ ఛార్జింగ్ తర్వాత తక్షణమే చాలా త్వరగా వేడెక్కిపోతోంది  ఫోన్ యొక్క మిగతా ఫీచర్స్ దాని పరంగా చూస్తే ఉత్తమంగా ఉన్నాయి,1
మొబైల్ అందంగా ఉంది  ఆకారం చాలా బాగుంది ఇతర మొబైల్లతో పోల్చితే వేగవంతమైన మొబైల్   వేలిముద్ర ఫీచర్ బాగుంది  స్క్రీన్ గ్లాసుతో అందంగా ఉంది  మంచి ఫోకస్ గల కెమెరా ఉంది  మొబైల్ ram చాలా బాగుంది మరియు ఐకాన్ చాలా అందంగా ఉంది,1
తీసుకునే ధర ప్రకారం ఈ కెమెరా ఇతర కెమెరాల వలె మంచిది కాదు పిక్చర్ నాణ్యత అంత గొప్పది కాదు పిక్సల్స్ మంచిగా ఉన్నాయి కానీ ఉపయోగించడానికి కొద్దిగా కష్టంగా ఉంది కెమెరాలో జూమ్ ఎక్కవ లేదు దీనిపై డబ్బును వృధా చేయటానికి బదులుగా బడ్జెట్ను కుంచం పెంచుకొని DSLR కోసం వెళ్ళడం నయం మార్కెట్లో చాలా ఆప్షన్స్ అందుబాటులో ఉన్నాయి ఈ కెమెరా బడ్జెట్ బట్టీ ఎక్కువే అయితే ధరకు తగ్గ నాణ్యతను ఇవ్వడం లేదు బేసిక్ యూజర్లు కోసం ఓకే,0
మంచి అద్భుతమైన భావం మరియు కాంపాక్ట్ సైజు; చాలా అనుకూలమైన మెను; కొత్తగా DSLR వాడే వాళ్ళకి మంచి  మార్గదర్శకత్వం;అధిక ISO షాట్లు కోసం అద్భుతమైన శబ్దం లక్షణాలు  DSLRs తో ఇదే నా మొదటి అనుభవం  అసలు 35mm రీలు కెమెరా నుండి డిజిటల్కి వెళ్ళడం హార్డ్ కానీ అవసరమైన జంప్ ఇది ఇది 6 1mp అయినప్పటికీ  చిత్రాలు ఎల్లప్పుడూ స్ఫుటంగా మరియు శుభ్రంగా ఉన్నాయి కెమెరా బాగా వివిధ లైటింగ్ పరిస్థితులు నిర్వహించింది చాలా ధృఢనిర్మాణంగలది భారతదేశం  దక్షిణ అమెరికా  బీచ్ మరియు చాలా ఎడారుల ట్రిప్పులలో వాడినా బానేఉంది కొత్తగా డిజిటల్ ఫొటోగ్రాఫీ మొదలు పెట్టిన వారికి  పిల్లలు లేదా నిపుణత లేని టీన్ వంటివాళ్ళకి ఈ కెమెరా ఉత్తమమైనది,1
అవును నాకు ఇది చాలా ఇష్టం  దీని వేలి ముద్రణ సెన్సార్ డిజైన్ మరియు చాలా విషయాలు నన్ను ఆకట్టుకున్నాయి జస్ట వావ్ ఈ ఫోన్లో అనేక ఫీచర్లు ఉన్నాయి అందుకే ఇది సామ్సంగ్ను ఓడించింది ఇది అమెజాన్ యొక్క ఉత్తమ అమ్మకాల ఉత్పత్తిగా మారింది ఫింగర్ ముద్రణ సెన్సార్ చాలా మృదువైన మరియు వేగవంతమైనది కానీ వేడి ఎక్కిపోయే సమస్య ఉంది అయినా ఇది చాలా బాగా నచ్చింది,1
,1
సోనీ బ్రావియా 46 వ LED tv మంచి గేరంటీ ప్రోడక్ట్ కాని ధర చాలా ఎక్కువ అయినా మంచి పర్ఫొర్మన్సె మరియు మంచి పిక్చర్ నాణ్యత సుదీర్ఘ కాలం మన్నుతుంది ఏ విడి భాగాలలో సమస్య ఉండదు అందుకే నేను అందరికి దీన్ని సిఫార్సు చేస్తాను  దీనికి నేను 5 స్టార్ రేటింగ్ ఇస్తాను  అందరూ ఈ ప్రోడక్ట్ని కొనచ్చు  ఇది కేవలం భారతదేశపు బ్రాండ్ఏ కాదు ప్రపంచ బ్రాండ్ కాబట్టి గుడ్డిగా ఈ అద్భుతమైన ప్రోడక్ట్ని నమ్మండి నేను ఈ ప్రోడక్ట్ని గట్టిగా సిఫార్సు చేస్తున్నాను  సౌండ్ నాణ్యత కూడా చాలా బాగుంది పిక్చర్,1
ఈ నికాన్ D80 కెమెరాను కొనుగోలు చేసాను ఇది సెన్సార్ నిర్ణయం వంటి విభిన్న అంశాలు కలిగి ఉంది 10 2 మెగాపిక్సెల్స్ CCD ఆప్టికల్ సెన్సార్  ఆప్టికల్ సెన్సార్ సైజు 15 8 x 23 6 మిమీ వీక్షణ కొలత క్షేత్రం 1 పిక్చర్ రికార్డు అయితే ఇది కేవలం పత్రాలపై ఉంది కస్టమర్లను ఆకర్షించడానికి వారు కెమెరా యొక్క అనేక భాగాలను ప్రదర్శిస్తారు అలా చూసే నేనూ దాన్ని కొన్నాను తీక్షణమైన ఇమేజింగ్ టెక్నిక్ తో సమస్యలు ఇటువంటి వివిధ సమస్యలను ఎదుర్కొన్నాను  దీనిని అర్థం చేసుకోవడం సులభం కాదు అందువల్ల వారు వినియోగదారులకు అర్థం చేసుకోవడానికి సులభంగా ఉండేలా తయారు చేయాలని నేను అనుకుంటున్నాను!,0
ఈ TV  చెత్తగా ఉంది నాకు నేను 2 నెలల ముందు ఈ TVని కొనుగోలు చేసాను మరియు 2 నెలల తర్వాత TV యొక్క నాణ్యత చాలా తగ్గిపోయింది  స్క్రీన్ రంగు మరియు డిస్ప్లయ్ బాగోలేవు  ఈ ధరకి ఇది చెత్త డిస్ప్లయ్  ఈ TVని కొనుగోలు చేయాలనుకునే వారందరికి నేను చెప్పేది ఏంటంటే ఈ TVని మాత్రం కొనద్దు ఈ రేటులో ఈ TVతో పోలిస్తే ఇతర TVలే చాలా మంచివి TVని కొనేటప్పుడు ముందు సరిగ్గా చూసుకొని కొనండి మళ్ళీ నేను చెప్పలేదు అని అనద్దు,0
ఉపయోగించడానికి నిజంగా చాలా పోర్టబుల్గా ఉంది మరియు స్టైలిష్ లుక్  ఇది పెద్ద బ్రాండ్ మరియు ప్రపంచవ్యాప్తంగా విస్తరించింది మొబైల్ పనితీరు ప్రాధాన్యత ఆధారంగా రేట్ చేయబడింది ఈ ప్రోడక్ట్ టెలికాం మార్కెట్లో తన సొంత ప్లాట్ఫారమ్ ఏర్పాటు చేసుకుంది  చాలా రకాల మోడల్స్ ఉన్నాయి కస్టమర్ కోరుకున్న మోడల్ ఎంచుకోవచ్చు  ఈ ప్రోడక్ట్కి ఒక క్లాస్ లుక్ ఉంది,1
సామ్సంగ్ LED చాలా మంచి టెలివిజన్ మీ ఎంపిక ప్రకారం మీరు 14 అంగుళాలు లేదా 42 అంగుళాలది తీసుకోవచ్చు  గొప్ప నాణ్యత మరియు HD పిక్చర్ మరియు 3d  సౌండ్ మీ ఎంపిక ప్రకారం నాకు అది నచ్చింది  నాకు సామ్సంగ్ 32inch led ఉంది ఉత్తమ పిక్చర్ మరియు డిజైన్ ఆకర్షణీయంగా ఉన్నాయి  సులభంగా ఆపరేట్ అయ్యే అందమైన రిమోట్ కంట్రోల్  సామ్సంగ్ ledలో నాకు కావలసినది చూడడానికి చాలా బాగుంది  3d సౌండ్ మతిపోయేలా ఉంది  మంచి నలుపు రంగు tv నాది   చాలా మంచి TV మరియు మీ బడ్జెట్లో ఉత్తమమైన ధర లవ్లీ టెలివిజన్,1
సోనీ బ్రావియా KLV -40W562D స్పష్టత యొక్క అధిక పర్ఫొర్మన్సె ఇస్తోంది ఇది అద్భుతమైన రంగుకు హామీ ఇస్తుంది దాని పిక్చర్ యొక్క స్పష్టత 180p ఉంది ఇది అందమైన రంగులతో ఉన్న 40 అంగుళాల LED tv  సోనీ LEDకి అద్భుతమైన సౌండ్ అద్భుతమైన స్పష్టత ఉన్నాయి పాటలు వినాలంటే కార్డ్ రీడర్ను కనెక్ట్ చేయవచ్చు  బొమ్మలను నిల్వ చేయవచ్చు  సోనీ బ్రావియా- KLV -40W562D 40-50k వ్యయంతో అందుబాటులో ఉంటుంది ఇది స్మార్ట్ LED tv ఇది 2 సంవత్సరాల సర్విస్ అందిస్తుంది ఈ స్మార్ట్ TVని అన్ని పరికరాలకు కనెక్ట్ చేయవచ్చు సోనీ బ్రావియా -KLV-40w563Dని కొనుక్కోమని నేను సలహా ఇస్తాను,1
ఈ ధర ట్యాగ్లో ఇది మంచి LED TV పెద్ద బ్రాండులతో పోలిస్తే ఎంతో వ్యత్యాసం లేదు  ప్రతి ఒక్కరూ చెప్పినట్లుగా సౌండ్ నాణ్యత సరిపోతుంది ఏమైనప్పటికీ నేను విజువల్స్ యొక్క HD నాణ్యత గురించి మాత్రమే శ్రద్ధ వహించాను  ఇది అద్భుతంగా ఉంది VU బృందం షిప్పింగ్ మరియు ఇన్స్టల్లేషొన్ బాధ్యతగా చేసారు  మోదటి నుండి చాలా మంచి అనుభవము కలిగింది   పోర్టల్ పై మోడల్ను గుర్తించడం దగ్గర నుండి సులభమైన చెల్లింపు విధానం  డెలివరీ కమ్మిట్మెంట్  వస్తువుల ఉప్డేటెస్ తయారీదారులు నుండి రసీదు  సమయానికి ముందే డెలివరీ  మరియు వూ నుండి ఇంజనీర్ చేత ఇన్స్టల్లేషొన్  ఉత్పత్తుల గురించి మాట్లాడాలంటే ఒక 5 స్టార్ అనుభవం మరియు డబ్బుకు తగ్గ విలువ,1
నాణ్యత లేని పిక్చర్ మరియు నిరాశపరిచింది వీడియో నాణ్యత కారణంగా LG 43LH600T LED TV ఆకట్టుకునే LED TV కాదు సౌండ్ రిసెప్షన్ కూడా బాగోలేదు మరియు ఊహించనిది డబ్బు విలువ విషయానికి వస్తే  తక్కువ ఫీచర్స్ తో చాలా ఖరీదైన ప్రోడక్ట్ మంచి నాణ్యత గల స్పీకర్లు లేనందున ఈ TV మంచి సౌండ్ నాణ్యత వ్యవస్థను కలిగి లేదు  ఈ ప్రోడక్ట్ చాలా నిరాశపరిచింది సేవా మరియు మద్దతు కూడా చాలా నిరాశపరిచాయి ఎందుకంటే వారు త్వరగా సేవలు అందించరు ధన్యవాదాలు,0
దీని ధరకి ఈ ఫోన్ న్యాయం చేస్తుంది ఇంత తక్కువ ధరకి ఇన్ని ఫీచర్స్ రావడం చాలా అరుదు ఒక్కో స్పెసిఫికేషన్ చాలా అంతే చాలా బాగున్నాయి,1
నికాన్ D40 ఒక గొప్ప కెమెరా నేను దీనిని ఉపయోగించాను ఈ కెమెరా నుండి తీసిన ప్రతి చిత్రంలో పిక్సెల్స్ అద్బుతంగా ఉన్నాయి మరియు ప్రతీ చిన్నదాన్ని కూడా చూపిస్తుంది దీని పిక్సెల్స్ నిజంగా చాలా అద్భుతంగా ఉన్నాయి  కేవలం సగటు వేగం గల షట్టర్ ఉంది పూర్తి ఛార్జ్ తర్వాత 4 గంటలు బ్యాటరీ బ్యాకప్ ఉంది వారి కస్టమర్ సేవలు బాగున్నాయి వారు తమ వినియోగదారులకు 2 సంవత్సరాల వారంటీని అందిస్తారు ఈ ప్రోడక్ట్ దాని పనితీరులో అత్యుత్తమము అని చెప్పవచ్చు,1
అందరికీ హలో నేను ఒక నెల పాచు ఈ ఫోన్ ఉపయోగించాను అందుకే ఈ వివో Y55s ని సమీక్షించాలనుకుంటున్న  నేను దాని చాలా నష్టాలను కనుగొన్నారు వివో గొప్ప ఫోన్లు చేస్తుంది కానీ ఈ ఫోన్ మీద ఖర్చు పెట్టడం దండగ వెనుక కెమెరా అంచనాల ప్రకారం లేదు ఫిక్చర్ నాణ్యత చెత్తగా ఉంది ముందు కెమెరా బానే ఉంది  నెట్వర్కింగ్ సామర్థ్యాలు బాగోలేవు మరియు సరిగ్గా ప్రతిస్పందించవు  ఈ ఫోన్ మీద డబ్బు ఖర్చు చేయడం వ్యర్దం దాని బదులుగా మీరు Moto G4 ప్లస్ లేదా రెడ్మి నోట్ కోసం వెళ్ళవచ్చు,0
91 ఈ ధర పరిధిలో ఫోన్ కావలసిన వాళ్ళు ఈ ఫోన్ కొనుగోలు చెయ్యచ్చు ఎందుకంటే ఇది అద్భుతమైన ధరకి ఏ ఇతర కంపెనీ ఇవ్వలేనన్ని  అద్భుతమైన ఫీచర్లు ఇస్తుంది ఇలాంటి ధర పరిధిలో ఈ నాణ్యత గల ప్రోడక్ట్ తో I R బ్లాస్టర్ని కూడా రావడం అసాధ్యం  ఇలాంటి ధర పరిధిలో 13m p వెనుక షూటర్ ఉండడం అద్భుతం ప్రోస్  1  మంచి ముందు / వెనుక కెమెరాలు 2  మంచి బ్యాటరీ బ్యాకప్ 3   I R బ్లాస్టర్ 4  ఫోన్ యొక్క మంచి యూజర్ ఇంటర్ఫేస్ 5 మంచి సౌండ్ కాన్  1 తక్కువ నిర్మాణ నాణ్యత 2  తక్కువ కాంతి లో కెమెరా పనితీరు బాగోలేదు 3  నెమ్మదిగా ఛార్జింగ్ అవడం,1
హే పీప్స్  ఈ ఫోన్ చాలా అధిక స్పెక్స్ ఉన్నాయి  కానీ ప్రశ్న ఏమిటంటే అంత అవసరంమా ఏమిటి  మరియు సమాధానం అవసరం లేదు 4 GB RAM తో స్మార్ట్ఫోన్ మళ్ళీ ప్రశ్న ఏమిటంటే అంత RAM నిజమగా యూజర్కి అవసరంమా   మరియు మరలా సమాధానం అవసరం లేదు అనే స్మార్ట్ఫోన్లు కోసం 2 GB RAM సరిపోతుంది గేమింగ్ కోసం కూడా సరిపోతుంది ఎస్ఫాల్ట్ 8 మరియు మోడర్న్ కంబాట్ 5 వంటి హై ఎండ్ ఆటలకు కూడా 2 GB RAM సరిపోతుంది ఆ 4GB RAM యొక్క అవసరం ఏముంది అవన్నీ అవసరం లేదు,0
మనకు తెలిసినంతవరకూ  ఈ టెలివిజన్ పాత తరానికి చెందినది మరియు ఈ తరానికి తగినది కాదు అందుకే ఇది అందించే ఫీచర్స్ చాలా పాత కాలంవి మరియు యూజర్ ఫ్రెండ్లీ కాదు  సగటు పిక్చర్ నాణ్యతతో ఈ TV చాలా బలమైనది  దీని సౌండ్ రిసెప్షన్ చాలా గొప్పది దీని లో  ఉన్న లోపాలు తక్కువ ఫీచర్స్ కానీ మధ్యతరగతి ప్రజలకు  ఇది ఒక గొప్ప ప్రయోజనంగా ఉంటుంది,0
నికాన్ D40 ఒక అద్భుతమైన DSLR కెమెరా  మెకానికల్ మరియు ఇమేజ్ నాణ్యత రెండూ అద్భుతంగా ఉన్నాయి నికాన్ D40 6 1 MP SLR కెమెరా 18-55 mm f / 3 5-5 6 G తో వస్తుంది ఆటో ఫోకస్- S DX జూమ్ నికోకర్ లెన్స్తో ఉన్నాయి దీనితో మంచి నాణ్యత గల చిత్రాలను ఇస్తుంది ఈ కెమెరాలో 2 5 అంగుళాల LCD 3 డిస్ప్లయ్ ఓప్షన్స్ మరియు ఒక ఫ్లాష్ మరియు హాట్ షూ ఉన్నాయి  ఇది మంచి షట్టర్ స్పందనతో వేగంగా ప్రారంభమవుతుంది  ఈ కెమెరా సెకనుకు 2 6 ఫ్రేములు వరకు షూట్ చేయగలదు ఇది ఒక పునర్వినియోగపరచదగిన Li-ion బ్యాటరీతో శక్తిని కలిగి ఉంది మెమరీ కార్డు లేదు  అంతర్గత మెమరీ లేదు ఇది 6 1 MP  చిత్రాలు ఎల్లప్పుడూ చక్కగా ఉంటాయి కెమెరా వివిధ కాంతి పరిస్థితులను చక్కగా నిర్వహించగలదు ఇది అందరికీ ఒక అద్భుతమైన DSLR కెమెరా ఇది నేర్చుకోవడానికి మరియు ఉపయోగించడానికి చాలా సులభంగా ఉంది మరియు చాలా యూజర్ ఫ్రెండ్లీ కెమెరా  నికాన్ D40 సరైన విలువ గల DSLR  కెమెరా  తప్పక కొనుగోలు చేయండి,1
ఇది మంచి TV కాదు రంగు నాణ్యత బాగోలేదు ఈ TV స్పీకర్ మరింత సౌండ్ని ఉత్పత్తి చేయట్లేదు ఇదే ధరలో ఇంకా మంచి TV కొనచ్చు నేను గత 1 నెల నుండి ఈ TVని ఉపయోగిస్తున్నాను దీని పనితీరు అంత సౌకర్యవంతంగా లేదు కొనుగోలుదారులు దీనికంటే మంచి TV ని కొనుగోలు చేస్తే మంచిది అని నేను అనుకుంటున్నాను,0
ఈ ధర పరిధిలో ఉన్న ఫోన్లలో ఈ ఫోన్ ఉత్తమ ఫీచర్లు కలిగి ఉంటుంది  ఉత్తమ సెన్సార్ తో ఉన్న అద్భుతమైన కెమెరా ఇది  కఠిక చీకటిలో కూడా ప్రకాశవంతమైన ఫోటోలను తీసుకోవటానికి ప్రకాశవంతమైన ఫ్లాష్ లైట్ ఉంది  దీనిలో ఒక మృదువైన టచ్ రెస్పాన్స్ ఉంది అద్భుతమైన స్పీకర్లవల్ల నాణ్యమైన సౌండ్తో పాటలు విని ఆనందించవచ్చు ఇది బ్యాటరీ బ్యాకప్తో మంచి బ్యాటరీని కలిగి ఉంటుంది నేను కొనుగోలు చేసినప్పటి నుండి నేను ఏ సమస్యను ఎదుర్కొలేదు  మీరు ఒక కొత్త ఫోన్ కొనాలని ఆలోచిస్తూ ఉంటే నేను ఈ ఫోన్ను సిఫార్సు చేస్తాను గౌరవంతో!,1
జియోనీ ఏ వన్ ఫోన్ డిస్ప్లే చాలా బాగుంది బాటరీ బ్యాక్ అప్ చాల అద్భుతం గా ఉంది సెల్ఫీ కెమెరా కూడా బాగానే ఉంది,1
ఈ TVని మా ఇంటి కోసం కొనుగోలు చేశాను  ఇది అద్భుతమైన TV చాలా బాగా పనిచేస్తుంది అద్భుతమైన సౌండ్ నాణ్యత ఫుల్ HD వీడియో సపోర్ట్ మీరు ఎక్కువగా ఆలోచించకండి తప్పక కొనుగోలు చేయండి డబ్బుకు తగ్గ విలువ  గుడ్ పిక్చర్  మంచి  వీడియో నాణ్యత   మంచి సౌండ్ నాణ్యత  HD కి సబ్సక్రైబ్ చెయ్యక్కర్లేదు  దీని SD నాణ్యత చాలా అద్భుతంగా ఉంది  ఇందులో 2  లోటుపాట్లు ఉన్నాయి HD వీడియోలు పెన్ డ్రైవ్ నుండి ప్లే చేస్తే సౌండ్ ఎక్కువ-తక్కువ అవుతుంది మరియు సౌండ్ను బేలెన్స్ చెయ్యాలి  24 గంటల సర్వీస్ మరియు సప్పొర్ట్ అద్భుతంగా ఉంటాయి,1
సోనీ బ్రావియా టెలివిజన్ అనేది స్మార్ట్ టెలివిజన్ ఇది పూర్తిగా స్మార్ట్నెస్ మరియు తెలివైన టెలివిజన్  పూర్తిగా వినోదభరితమైనది మరియు నేటి తరానికి అవసరమైన విధంగా ఉంది  సోనీ బ్రావియా టెలివిజన్ ఆనందకరంగా ఉంటాయి  కాబట్టి నేను సోనీ సిఫార్సు చేస్తున్నాను,1
నేను హెవీ డ్యూటీ వాడకం అయిన 4 నెలల తర్వాత ఈ సమీక్షను రాస్తున్నాను నేను బ్రహ్మచారిని మొదట్లో ఒక CRT TVని ఉపయోగించాను 2 ఏళ్ళక్రితం ఒక TV ట్యూనర్గా సామ్సంగ్ మానిటర్ని ఉపయోగించాను చాలా బాగా పనిచేసింది  సాధారణంగా సినిమాలను చూసేందుకు వాడతారు  కానీ యాక్షన్ సైన్స్ వంటి కొన్ని సినిమాలు పెద్ద స్క్రీన్ మీద చూడటానికి అద్భుతంగా ఉంటుంది కాబట్టి 1080 p మూవీ చూసిన ప్రతిసారీ భావించాను స్క్రీన్ పెద్గాద ఉంటే బాగుంటుంది అని  ఆ తర్వాత పెద్ద స్క్రీన్ TV కోసం నేను వెతకడం మొదలుపెట్టాను చూస్తే పెద్ద TV లలో ఎక్కువ భాగం బడ్జెట్ పరంగా లేవని తెలిసింది అప్పుడు నేను VU ను పరిశోధించి సమీక్షలను చదివి  దాన్ని కొనుగోలు చేయాలని నిర్ణయించుకున్నాను  TV గురించి నా పరిశీలనలు ఇలా ఉన్నాయి నేను చాలా 1080 p సినిమాలు మరియు బ్లూ రే సినిమాలు చూసాను దీని పర్ఫొర్మన్సె చాలా బాగుంది   గేమ్స్ కూడా ఆడాను గొప్ప అనుభూతి కలిగింది సౌండ్ నాణ్యత అద్భుతంగా ఉంది టెలివిజన్ చూడటం యొక్క ఉపయోగాలు న్యూస్ ఛానెల్స్ ద్వారా తాజా వార్తలను తెలుసుకుంటాం ఒక చిన్న బెడ్ రూమ్ కోసం తగినంత కంటే ఎక్కువే  ఇది TV గురించి నా అభిప్రాయం కాబట్టి మీరు ఎక్కువగా ఆలోచించకండి ఈ ధరకి దీని కంటే మెరుగైనది దొరకదు,1
ఈ రోజు నేను ఒక కోర్యోటైప్ led TVని సమీక్షిస్తున్నాను ధర తక్కువగా ఉన్నందువల్ల నా స్నేహితుడు ఒకడు కొన్ని సంవత్సరాల క్రితం కొనుగోలు చేసాడు  ధర తక్కువగా ఉన్నందువల్ల ఎక్కువ ఓప్షన్స్ ఉండవు సౌండ్ రిసెప్షన్ చాలా తక్కువగా ఉంది పిక్చర్ నాణ్యత తక్కువగా ఉంది మేము కొత్తదాన్ని కొనుగోలు చేసాము  నేను దీనిని సిఫార్సు చేయలేను,0
బాగానే ఉంది మా పెట్టుబడికి సరిపోతుంది రోజు పనులకి బాగా పనికొస్తుంది,1
హలో ఫ్రెండ్స్ నేను LED TV రికన్స్టోన్ యొక్క నా అనుభవం మీతో షేర్ చేస్తున్నాను  ఈ ప్రోడక్ట్ రిలయన్స్ ద్వారా ఔథొరైస్ చేయబడింది ఈ ప్రోడక్ట్కి అనేక ఫీచర్లు ఉన్నాయి  ఇది స్మార్ట్ ఫోన్ ఇది ఫోన్ లేదా ఇంటర్నెట్కు కనెక్ట్ చేయగలదు వీడియో మరియు పిక్చర్ నాణ్యత చాలా బాగుంది ఈ LED TV యొక్క డిస్ప్లయ్ పూర్తి హై డెఫినిషన్  HD  సౌండ్ నాణ్యత చాలా బాగుంది మరియు అద్భుతంగా ఉంది  సర్వీస్ మద్దతు బాగుంది మరియు వేగవంతంగా ఉంది  డబ్బుకు తగ్గ విలువ ధన్యవాదాలు,1
నేను రెడ్మీ 4A కొన్నాను ఇది మంచి ఫోన్ కానీ తక్కువ సౌండ్ నాణ్యత అయినా ఇది ఉత్తమ ఫోన్  నేను ఈ ఫోన్ను 5999కి కొనుగోలు చేసాను నేను ఈ ఫోన్ను సుమారు 1 నెలపాటు ఉపయోగించాను ఈ ఫోన్ మంచిది ఈ ఫోన్ చాలా ఫాస్ట్ నా చేతిలో ఈ ఫోన్ చాలా అందంగా ఉంది డిజైన్ బాగుంది ఈ ఫోన్ అత్యంత సరసమైనది  రెడ్మి ఫోన్లో వేలిముద్ర సెన్సార్  కంపాస్ మరియు మరెన్నో ఫీచర్లు ఉన్నాయి ఈ ఫోన్ మొదటిసారి చేతిలో పట్టుకున్నప్పుడు చాలా మంచి అనుభూతిని వచ్చింది మీరు కూడా ఈ ఫోన్ని చేతిలో తీసుకొని మంచి అనుభూతిని ఆస్వాదించండి ఈ ధరలో రెడ్మీ నోట్ మంచి ఫోన్ నాకు ఈ ఫోన్ చాలా నచ్చింది,1
హలో గయ్స్ ఈ అద్భుతమైన T v యొక్క నా అనుభవాన్ని మీతో పంచుకునేందుకు నేను ఇక్కడ ఉన్నాను  ఈ T v యొక్క అత్యంత ఆకర్షణీయమైన భాగం ఆకర్షణీయమైన రూపకల్పన మరియు స్వచ్ఛమైన HD నాణ్యతగల ఉత్తమమైన పిక్చర్  అందుకే నేను ఈ T V ని కొనుగోలు చేసాను  ఆ తరువాత నేను EDM ప్లే చేసినప్పుడు అద్భుతమైన సౌండ్ నాణ్యత విని నమ్మలేకపోయాను  ఏ విధమైన శబ్దం నేను వినలేదు వీడియో నాణ్యత 4K అంటే అద్భుతమైన వీడియో నాణ్యత నాకు ఇది చాలా నచ్చింది కంపెనీ సేవలు చాలా బాగున్నాయి కొనుగోలు చేసిన తరువాత 2 గంటల్లో TV ఇన్స్టలేషన్ జరిగింది ఏదైనా సమస్య వస్తే వాళ్ళకి ఫోను చేస్తే మర్నాడే వచ్చి ఫిక్స్ చేస్తారు  సంక్షిప్తంగా చెప్పాలంటే వారు నన్ను ఎప్పుడూ నిరాశ పరచలేదు మంచి విలువ ఇది చాలా ఖరీదైనది కాదు  సగటు మనిషి సులభంగా ఈ T V   ని విక్రయించచ్చు,1
మి రెడ్మి నోట్ 4 నేటి మార్కెట్లో ఎక్కువగా ట్రెండింగ్గా ఉన్న కొత్త ఫోన్ ఈ ఫోన్ 5 5 అంగుళాలు డిస్ప్లే మరియు 4GB RAM తో ఉంటుంది సౌండ్ బానేఉంది కొన్ని ఇతర ఫోన్లలో సౌండ్ అంత మంచిది కాదు ఇది చాలా యూజర్ ఫ్రెండ్లీ కానీ అతి పెద్ద ఆశాభంగం సిమ్ స్లాట్లతో సమస్య కానీ దానిపైన పెట్టిన డబ్బుకు సరైన విలువ గలది లుక్ బాగుంది మరియు వేడెక్కి పోయే సమస్య లేదు ఏదైతే సాధారణంగా మి ఫోన్లలో ఉందో అతి పెద్ద సమస్య సిమ్ స్లాట్ ఇది జాగ్రత్త తీసుకోండి ఎందుకంటే ఇది సమస్యను తెస్తోంది,0
జియోమి రెడ్మి నోట్ 3 మంచి ఫీచర్స్ తో ఉంది బ్యాటరీ బ్యాకప్ బలంగా ఉంది కానీ పెద్ద సమస్య భారీ అనువర్తనాలు మరియు గేమ్స్ ఉపయోగించినప్పుడు ఫోను వేడిగా అవ్వడం భారీ వినియోగదారులు సులభంగా 6 గంటల ఛార్జింగ్ పొందుతారు నిరంతర 4G ఇంటర్నెట్ మరియు 4-5 గంటల గేమింగ్ తో  నేను ఇప్పటివరకు చూసిన ఉత్తమ ఫోన్లో ఒకటి అంతర్గత మెమరీ మాత్రమే సమస్య 16 gb మాత్రమే మరియు రామ్ 2gb  సౌండ్ నాణ్యత కూడా అంత మంచిగా లేదు,0
68 నా దగ్గర ఉన్న కెమెరాలలో నికోన్ ఉత్తమ కెమెరా ఇది చాలా బాగుంది మరియు పిక్చర్ నాణ్యత చాలా బాగుంది ఈ నికోన్ D70 తో నా అనుభవం చాలా బాగుంది నేను ఒక ఫోటో ఎడిటర్ మరియు అందరికి నేను ఈ కెమెరాని సిఫార్సు చేస్తాను ఎవరైనా ఈ కెమెరా కొనుగోలు చేయాలనుకుంటే అది మంచి పిక్సెల్స్ కలిగి ఉంది మరియు ఎవరైతే ఫొటోగ్రఫి ప్రారంభిద్దాం అనుకుంటున్నారో వారికి dslr ఉత్తమం నికోన్ సంస్థ బాగా అభివృద్ది చెందాలి,1
భ్రేవీయ ఇంజిన్ను అందించే ఏకైక సంస్థ సోనీ దాని బ్రావియా ఇంజిన్ వల్ల క్లారిటి అద్భుతంగా ఉంటుంది ఇక ఏ ఇతర సంస్థల వాటితో పోల్చలేము  దాని పెద్ద డిస్ప్లయ్ TVని మరింత ఆకట్టుకునేలా చేస్తుంది ఈ TV స్పష్టత అద్భుతంగా ఉంది సోనీ అత్యుత్తమ ప్రముఖ కంపెనీలో ఒకటి ఇది సౌండ్ నాణ్యతకు చాలా ప్రసిద్ది చెందింది 1  రీసొనేబ్ల్ రేటు 2  ఉత్తమ సౌండ్ నాణ్యత 3  అద్భుతమైన పిక్చర్ నాణ్యత4 తక్కువ మేఇంటెనెన్సె5 కరెంట్ తక్కువగా కాలుతుంది6  కంపెనీ మంచి సేవలను కూడా అందిస్తుంది  ఇది భారతదేశం లోని ఉత్తమ TV సెట్లలో ఒకటి,1
నాకు సామ్సంగ్ 32 అంగుళాల led tv ఉంది నాకు ఈ tv చాలా నచ్చింది చాలా మంచి ఓప్షన్స్ మరియు నైస్ రంగులు పిక్చర్ నాణ్యత మరియు సౌండ్ నాణ్యత కూడా చాలా బాగుంది  tv మధ్య లో వూఫర్ ఉంది  ఫ్లాట్ మరియు స్మార్ట్ tv దీనిని గోడకు అటాచ్ చేయవచ్చు లేదా మీరు స్టాన్డ్ మీద కూడా పెట్టుకోవచ్చు  TV లో ఒక Usb పోర్ట్ కూడా ఉంది  కొన్ని సామ్సంగ్ LED tvలకు wifi కనెక్టివిటీని కలిగి ఉన్నాయి  నా టీవీలో wifi  లేదు  కానీ రెండు AV కనెక్షన్లు ఉన్నాయి ఒకటి సెట్ అప్ బాక్స్ ఏర్పాటు కోసం ఇంకొకటి DVD కోసం  ఏమైనా నాకు చాలా నచ్చింది  4years నుండి నేను ఉపయోగిస్తున్నాను  చాలా బాగుంది  అద్భుతమైనది,1
హలో  గైస్ ఇప్పుడు నేను ఒక కోర్యోటైప్ LCD TV గురించి సమీక్షించాను నాకు ఈ LCD TV గురించి కొంత అనుభవం ఉంది  డబ్బులు  వేస్ట్  నేను మిమ్మల్ని హెచ్చరించాలనుకుంటున్నాను మీరు దాన్ని కొనుగోలు చేయాలనుకుంటే కాబట్టి జాగ్రత్తగా ఉండండి  ఈ ప్రోడక్ట మిమ్మల్ని నిరాసపరచవచ్చు ఈ LCD TV యొక్క వీడియో నాణ్యత మంచిది కాదు  దీని వీడియో నాణ్యత అస్పష్టతగా ఉంది పిక్సెల్స్ బాగాలేవు  సౌండ్ విభాగం కూడా బాగాలేదు ఈ LCD TV లో బాస్ లేదు సర్వీస్ మద్దతు కూడా మంచిగా లేదు  ఈ TV యొక్క విలువ  ఫీచర్స్ ప్రకారం చాలా ఎక్కువ  మీరు ఈ TVని కొనుగోలు చేసేటప్పుడు మీరు దాని గురించి ఆలోచించాలి అప్రమత్తంగా ఉండండి ధన్యవాదాలు,0
నేను ఈ ప్రోడక్ట్ని రిలయన్స్ డిజిటల్ బంగలూర్లో కొనుగోలు చేసాను అవును ఇది పూర్తి HD కాదు  HD రెడి వీడియోలు మరియు సినిమాలు అలాగే 1080p లో సజావుగా ప్లే అవుతాయి మీరు ఇచ్చిన యూజర్ రీతిలో మీ సెట్టింగులను అమర్చినట్లయితే  TV చూడటానికి చాలా అద్భుతంగా ఉంటుంది అవసరాన్నిబట్టి షార్ప్నెస్స్ పెంచండి కొనుగోలు చేసిన రోజే ఇంజనీర్ చేత TV ఇన్స్టలేషన్ చార్జిలేకుండా జరిగింది ఈ TV ప్రస్తుతం మార్కెట్లోని ఏ UHD TVతో పోల్చినా మంచి నాణ్యత గల పిక్చర్ కలిగి ఉంది మరియు చాలా తక్కువ ధర కూడా  బహుశా ధర ట్రిక్లు కొనుగోలుదారులను ఆకర్షించడం కోసం సౌండ్ నాణ్యత చాలా బాగుంది మరియు అద్భుతంగా ఉంది  సర్వీస్ మద్దతు బాగుంది మరియు వేగవంతంగా ఉంది  డబ్బుకు తగ్గ విలువ అద్భుతమైన పిక్చర్ నాణ్యత,1
ఇది ఉపయోగించడానికి భయంకరమైన కెమెరా  ఈ కెమెరా నాకు నచ్చలాదు  బంచ్ EOS 1000D ఉపయోగించడానికి భయంకరమైన కెమెరా మరియు బండ కెమెరా  ఈ కెమెరాను నేను ఉపయోగించాను  ఈ కెమెరా భయంకరమైనది ఎలా ఉపయోగించినా ఈ కెమెరామంచి పిక్చర్ నాణ్యతను ఇవ్వదు  ఈ కెమెరా క్రమక్రమంగా వివిధ సమస్యలను కలిగి ఉంది  చాలా సాధారణంమైన బ్యాటరీ జీవితం లెన్స్ కూడా అద్భుతంగా ఏమీ లేవు  పూర్తిగా ప్రమాదకరమని నేను వ్యక్తం చేస్తున్నాను మరియు ఉపయోగం కోసం చాలా అతి భయంకరమైన కెమెరా  నేను వారి కస్టమర్ సేవ వ్యక్తులను సంప్రదించడానికి ప్రయత్నించినప్పుడు వారు ఈ కెమెరాను విశ్లేషించడానికి మంచి ప్రతిస్పందనను ఇవ్వలేదు ఈ కెమెరా తో నేను విసుగు చెందాను  ఇది అస్థిర కెమెరా కారణంగా నేను ఎవరికీ ఈ కెమెరాని సిఫార్సు చేయను  ఈ కెమెరా భయంకరగా ఉంది,0
నికాన్ D40 కెమెరా తో పిక్చర్స్ ఒరిజనల్ రంగులో ఉంటాయి ఇది ఉత్తమైన కెమెరా ఎక్కువ మంది Dslr ఉపయోగిస్తారు కానీ నికాన్ D40 అన్ని Dslr కన్నా భిన్నంగా ఉంటుంది ఈ కెమెరా కొనుక్కోమని ప్రతి ఒక్కరికి నేను సలహా ఇస్తాను  నా ప్రకారం అయితే ఈ కెమెరా చాలా మంచిది  మీరు Dslr  తీసుకుందాం అనుకుంటే మీకు ఇదే మంచిది  మీరు కెమెరా కొత్తగా వాడుతుంటే ఈ కెమెరా ఉత్తమమైనది ఈ కెమెరా ప్రొఫెషనల్స్కి కూడా మంచిది ఈ కెమెరా తో పిక్చర్స్ ఒరిజనల్గా ఉంటాయి  ఈ కెమెరా చాలా బాగుంది మరియు చాలా మందికి కూడా నచ్చుతుంది మీరు ఆలోచించకండి తప్పక ఆర్డర్ చేయండి,1
ఇది మంచి యూజర్ ఫ్రెండ్లీ మొబైల్ మరియు సౌండ్ ఎఫెక్ట్స్ చాలా బాగున్నాయి మరియు అందరూ ఉపయోగించే విధంగా డిజైన్ సామ్సంగ్ గెలాక్సీ J2 చాలా మంచి ఫోన్  చాలా మంచి ధర దాదాపు ప్రతి వ్యక్తి ఈ స్మార్ట్ఫోన్ కొనుగోలు చేసే స్థితిలోనే ఉన్నారు దీని ఇంటర్నెట్ వేగం చాలా బాగుంది మరియు సమంజసమైన బ్యాటరీ సమయం సౌండ్ నాణ్యత చాలా బాగుంది కాల్ యొక్క వాయిస్ చాలా స్పష్టంగా ఉంది ఇది అతిపెద్ద నాణ్యత కలిగినది ఈ ఫోన్ ఉపయోగించడం చాలా సులభం  ఈ ఫోన్ చాలా యూజర్ ఫ్రెండ్లీ ప్రతిఒక్కరూ చాలా సులభంగా ఉపయోగించవచ్చు పొలాలలో పనిచేసిన వారు కూడా  దీని డిజైన్ బాగుంది  ఆకారం బాగుంది నిజంగా అందంగా కనిపిస్తుంది  సంక్షిప్తంగా చెప్పాలంటే ఇది మంచి స్మార్ట్ ఫోన్,1
ఈ రేన్జ్కి వీడియో నాణ్యత మంచిగా లేదు మరియు lg నుండి ఈ నాణ్యత ఊహించలేదు  సౌండ్ నాణ్యత బాగోలేదు మరియు స్పీకర్ సౌండ్ చాలా తక్కువగా ఉంది మరియు వాయిస్ స్పష్టంగా లేదు దీనికి డబ్బులు వేస్ట్ చెయ్యొద్దు ఇదే రేన్జ్లో మరొకదానికి వెళ్లండి  కస్టమర్ సేవలు అస్సలు బాగోలేవు lgకి ఉంటాయి అనుకున్నట్టు లేవు LG సేవల రంగంలో లేదు,0
సామ్సంగ్ TVతో పోలిస్తే దీని LED డిస్ప్లయ్ అంత మంచిది కాదు  దీని శబ్దాలు స్పష్టగా లేవు  ఇది ఇతర టెలివిజన్తో పోల్చితే ఎక్కువ విద్యుత్తును వినియోగిస్తుంది దీని ధర చాలా ఎక్కువగా ఉంది  ఈ ప్రోడక్ట్స్కి కస్టమర్ సేవలు లేవు నేను ఈ రకమైన TV కొనడానికి సిఫార్సు చేయలేనని భావిస్తున్నాను  ఇది నాకు ఇంక నచ్చట్లేదు  నేను దీనిని 3 నెలల ఉపయోగించాను కానీ నేను విసుగు చెంది OLX లో అమ్మేసాను ఇది నాకు నచ్చలేదు,0
హాయ్ ఫ్రెండ్స్ నా పేరు సాహిల్ నందా నేను న్యూఢిల్లీ నుండి వచ్చాను నేను మీకు స్మార్ట్ఫోన్ జియామి రెడ్మి 3S ప్రైమ్ గురించి చెప్పాలనుకుంటుంన్నాను నా స్నేహితుడు ఈ ఫోన్ను 3 నెలలు వినియోగించాడు  అతను దానిని దాదాపుగా 8900 రూపాయలలో ఆన్లైన్ మార్కెట్ నుండి కొనుగోలు చేసాడు ఈ ఫోన్లో చాలా ఫీచర్స్ ఉన్నాయి కానీ ఏవీ పనికిరావు ఎందుకంటే మీరు ఎప్పుడైనా ఏ ఫీచర్స్ అయినా ఎక్కువ సేపు ఉపయోగిస్తున్నప్పుడు ఫోన్ వేడెక్కి పోతోంది  నేను కెమెరాను 15 నిమిషాలు వాడతేనే ఫోన్ వేడెక్కి పోయింది కాబట్టి నేను కెమెరాను ఆపెయ్యాల్సి వచ్చింది తరువాత అది చల్లగా అయ్యింది నేను ఎవ్వరికీ ఈ ఉత్పత్తిని సిఫార్సు చేయను ఎందుకంటే ఇది అంత విలువలేని ప్రోడక్ట్,0
ఇది సూపర్ ఎందుకంటే ఇది మాకు చాలా వేగంగా ప్రతి ఏప్ లేదా ఫైల్కు యాక్సెస్ ఇస్తుంది దాని 3 GB ram వల్ల దీని కెమెరా చాలా బాగుంది  తీసిన పిక్చర్స్ చాలా అధిక నాణ్యత మరియు జూమ్ చేయగలవి వీడియోలు చాలా స్పష్టంగా ఉన్నాయి సౌండ్ నాణ్యత అద్భుతం దీని రంగు చాలా ఆకర్షణీయంగా ఉంటుంది స్లిమ్నెస్  TV   AC  ఫ్యాన్  మొదలైనవాటికి వైర్లెస్ రిమోట్ కంట్రోల్ ఇది కొనుగోలు ఖర్చు కంటే మెరుగ్గా ఉంది ఇది కొత్త ఓప్షన్స్ కూడా అందిస్తుంది అదేంటంటే రెండవ ఖాళి ఇది చాలా ఉపయోగకరంగా ఉంది మరియు ముఖ్యమైనది ఎందుకంటే ఒకే ఫోన్లో రెండు ఫోన్లు మేనేజ్ చెయ్యవచ్చు ఇది అద్భుతం,1
సౌలభ్యం గ్రూప్ EOS 1000D చూడటానికి మరియు పనితీరులో  EOS 450D లాగా కనబడుతుంది  వాస్తవానికి ఇది కొంతవరకు చిన్నది  126 1 x 97 5 x 61 9 mm  మరియు ఇంకా 450g  బరువు తక్కువ అయితే వ్యత్యాసాలు వాస్తవంగా కనిపించవు ప్లాస్టిక్ బాహ్య షెల్ పూర్తిగా అలాగే ఉంది హేన్డ-గ్రేస్పపై ఫినిష్డ్ జోన్ ఉంది అయితే కెమెరా వెనక థమ్బ-లే మీద కాదు  450D విధంగా  EOS 1000D  కెమెరా కూడా పట్టుకోవడానికి కొద్దిగా కష్టంగా ఉంటుంది  సైజులో చాలా చిన్నది మరియు పెద్ద చేతులు ఉన్న వ్యక్తులకు  నా లాంటి వారికి   చిటికెన వేలు పట్టేంత చోటు లేదు 1000D మరియు 450D మధ్య ప్రధాన వ్యత్యాసం చిన్న 2 5 అంగుళాల LCD స్క్రీన్  స్టాండర్డ్ EOS 1000D అసలు ధర కంటే చూడటానికి ఎక్కువ ఖరీదైనదిగా అనిపిస్తుంది,1
నికాన్ తాము స్థిరపడడానికి ఒక మంచి బ్రాండ్ ఈ బ్రాండ్ ఎక్కువగా దాని కెమెరాలకు ప్రసిద్ది ఎందుకంటే వారే కెమెరాను తయారు చేస్తారు నేను సమీప మార్కెట్ నుండి 2 నెలల క్రితం కొనుగోలు చేసాను చిత్రం నాణ్యత  కెమెరా యొక్క పిక్చర్ నాణ్యత మంచిగా లేదు దీని పిక్సెల్స్ నా ప్రొఫెషనల్ అవసరాలకు తగ్గట్టుగా లేవు షట్టర్ వేగం కెమెరా యొక్క షట్టర్ వేగం సగటుగా ఉంది కానీ త్వరగా అన్ని వివరాలు క్యాప్చర్ చేయటానికి సహాయకారిగా లేదు బ్యాటరీ జీవితం  దీని బ్యాటరీ బ్యాకప్ చాలా కాలం పాటు ఉంటుంది మొత్తంమీద ఈ ప్రోడక్ట్ సగటు పనితీరుతో ఉంటుంది  కానీ తక్కువ పిక్చర్ నాణ్యతను కలిగి ఉండదు,0
HD రెడీ LED TV  బ్లాక్  5 లో 4 3  మొత్తం 16 కస్టమర్ల రివ్యూలను చూడండి ఒక LED TV కొన్దాము అను కుంటున్నాను  మైక్రోమ్యాక్స్  ఇండెక్స్ మరియు రీకనెక్ట్ 15k పరిధిలో సరసమైన TV లను విక్రయిస్తున్నాయి  హాయ్ ఫ్రెండ్స్ నా సోదరుడు ఈ రీకనెక్ట్ TVని మూడు నెలల క్రితం కొన్నాడు ఇది చాలా తక్కువ నాణ్యత కల TV నాకు నచ్చలేదు,0
ఈ ఫోన్ డి అద్భుతం అయినా డిజైన్ మంచి బాటరీ లేటెస్ట్ ఆండ్రాయిడ్ కూడా ఉండటం ప్లస్ అని చెపొచ్చు,1
ఇటీవల నా స్నేహితుడు ఒక సోనీ బ్రావియా KLV-40W562D TV ను కొనుగోలు చేసాడు మరియు ఇది ఒక 40 అంగుళాల LED TV మరియు TV యొక్క రంగులు చాలా బాగున్నాయి మరియు మీరు చాలా సులభంగా కొనుగోలు చేయవచ్చు ఎందుకంటే అమెజాన్  Flipkart  Snapdeal వంటి ఆన్లైన్ స్టోర్లో అందుబాటులో ఉంది మరియు మీరు ఆన్లైన్ స్టోర్స్ను ట్రస్ట్ చేయకపోతే  మీ మార్కెట్ నుండి దానిని కొనుగోలు చేయవచ్చు  దీని ధర రూ  48  000  ఒక సాధారణ LED TV కోసం ఇదు చాలా అధిక ధర అని నేను భావిస్తున్నాను ఎందుకంటే కేవలం రూ 20  000 నుండి 30 000 లో శామ్సంగ్  పానాసోనిక్ వంటి విశ్వసనీయ బ్రాండ్లవి కొనచ్చు మీరు నిజంగా ఈ కొనుగోలు చేయాలనుకుంటే నేను ఆ TV యొక్క అప్గ్రేడ్ వెర్షన్ కొనుగోలు చేయమని సూచిస్తాను మీరు ఒక అప్గ్రేడ్ వెర్షన్ కొనుగోలు చేస్తే మీకు స్మార్ట్ LED TV వస్తుంది  ఈ TV USB పోర్ట్  HDMI పోర్ట్ వంటి విలక్షణమైన విధులను కలిగి ఉంది ఇతర  LED TVల్లా,0
నా ఫోటోలను తీయడానికి ఇప్పుడు ఈ కెమెరాను ఉపయోగిస్తున్నాను  నేను ఏఊరు వెళ్ళినా కెమెరాను ఉపయోగిస్తాను ఎందుకమటే ఇది చాలా బాగా పనిచేస్తుంది  స్పష్టత కోల్పోకుండా జూమ్ పర్ఫెక్ట్గా ఉంది  ఫోకస్ బాగుంది బేగ్రౌన్డ్ బ్లర్ చేసి పర్ఫెక్ట్ పిక్చర్ ఇస్తుంది  ఈ కెమెరా వల్ల నాకు ప్రయాణాలు అంటే ఇష్టం ఇది సులభంగా ఉపయోగించవచ్చు మరియు యూజర్ ఫ్రెండ్లీగా ఉంటుంది  ఇందులోని టచ్ స్క్రీన్ కూడా మంచి ఉపయోగకరం బేటరీ లైఫ్ వైఫల్యం లేకుండా దీర్ఘకాలం నిలబడగలిగేలా సూపర్గా ఉంది షట్టర్ వేగం కూడా బాగుంది దీనితో మీ ట్రిప్ పర్ఫెక్ట్గా ఉంటుంది మరియు తీపి జ్ఞాపకాలు ఉంటాయి,1
హలో ఫ్రెండ్స్ నేను ఈ VU 40 k16 పూర్తి HD LED TV గురించి నా అనుభవాన్ని పంచుకోవాలనుకుంటున్నాను ఫ్రెండ్స్ ఈ TVతో నాకు ఒక  చెడ్డ అనుభవం కలిగింది ఎక్కువ ఫీచర్స్ లేవు మరియు అది ఉపయోగించడానికి చాలా పెద్దది  రిమోట్లో ఎక్కువ ఫంక్షన్ల లేవు కానీ దాని స్క్రీన్ పెద్దది కాబట్టి మీరు ఆనందించవచ్చు ఈ TVకి మంచి సౌండ్ ఎఫెక్టులు లేవు  ఇది మీ కళ్ళకు హాని కలిగిస్తుంది  ఈ ఎలక్ట్రానిక్స్ పరికరం చాలా విద్యుత్ని వినియోగిస్తుంది మీరు LG TV ను కొనుగోలు చేయవచ్చు కానీ ఈ కంపెనీ లేదా ఈ మోడల్ తప్ప మీరు ఈ TVని కొనితే  మీరు మీ డబ్బును వృధా చేసుకుంటారు మరియు చివరికి వేల రూపాయల విద్యుత్ బిల్లు చెల్లించాలి ఈ TVని మీకు సూచించండి నాకు ఇష్టంలేదు  ధన్యవాదాలు ఫ్రెండ్స్,0
అందరికీ హలో   నేను DSLR లో విస్తృతమైన కొలత చూసాను అయినా నేను ప్రత్యేక నిపుణుడిని కాదు కానీ బదులుగా నా పిల్లల ప్రతి క్షణాలనీ ఈ కేమరాలో భందించాలనుకున్నాను ఈ కెమెరా నేను అమ్యూజ్మెంట్ మోడ్లో లేదా ఆటో మోడ్లో ఉంచినప్పుడు భయంకరంగా ఉంది అంతేకాక బ్యాటరీ అనూహ్యంగా అద్భుతంగా ఏమీ లేదు  నా అనుచరుడి దగ్గర నికాన్ D5100  మరియు D5200 ఉన్నాయి అవి ఇంచుమించు ఇదే ధర అయితే అతనికి బ్యాటరీ మంచిది అతను 300-350 షాట్లు తీయగలుగుతున్నాడు నేను 250 షాట్లు తీసాను బ్యాటరీ 30% కి వచ్చేసింది కాబట్టి నేను మరీ ఎక్కువ షాట్లు తీసుకోలేను నేను నిజంగా సంతోషంగా లేను ఎందుకంటే నాకు ఒక మంచి బ్యాటరీ అవసరం మరియు రోజూ బ్యాటరీలను చార్జ్ చెయ్యాలంటే నాకు అసహ్యం,0
అదే ధరకి మంచి బ్రాండ్లు చాలా మంచి ఆప్షన్స్ ఉన్నప్పుడు ఎవరైనా ఎందుకు ఈ ఉత్పత్తిని కొనుగోలు చేస్తారో కూడా నాకు తెలియదు ఒక నెల క్రితం మా ఆంటీ ఈ టెలివిజన్ కొనింది మరియు ఇది అప్పుడే సమస్యలు ఇవ్వడం ప్రారంభించింది  స్క్రీన్ అప్పుడప్పుడు నల్లగా అయిపోతూ ఉంటుంది మరియు అది ఒక్కటే కాకుండా సేవలు కూడా చెత్తగా ఉన్నాయి మేము సేవా కేంద్రాన్ని కాల్ చేసినప్పుడు ఇంతకుముందు చెప్పింది ఏమిటంటే సాంకేతిక నిపుణుడి ఒక్క రోజులో వచ్చి సమస్యను పరిష్కరిస్తారని ఎందుకంటే వారంటీలో ఉందని కానీ రెండు రోజులు అయ్యింది సాంకేతిక నిపుణుడు రాలేదు గైస్ ఈ టెలివిజన్ కొనుగోలు చెయ్యవద్దని నా అభ్యర్థన  ఫిలిప్స్ లేదా ఇతర వాటిని కొనుగోలు చెయ్యండి అని మార్కెట్లో ఉత్తమమైనవి,0
రికనెక్ట్ LED TV ఉత్తమమైనది  దీని అద్భుతమైన సౌండ్ పిక్చర్ నాణ్యత నాకు చాలా ఇష్టం  ఎప్పుడూ ఏసమస్య రాలేదు రికనెక్ట్ LED TV తో  ఇది ఆకర్షణీయంగా ఉంది మరియు బాగా డిసైండ్ చేసారు రిమోట్ కంట్రోల్ బాగుంది ఛానెల్ను మార్చడం సులభం నేను గత 11 నెలలుగా ఉపయోగించాను నాకు ఎటువంటి సమస్య రాలేదు ఇది సౌండ్ 3D మరియు HD చిత్రం నా జీవితంలో అటువంటి ప్రోడక్ట్ని కలిగి ఉండటం చాలా గొప్ప  ఇది మంచి నలుపు రంగు   అందమైన మరియు స్మార్ట్ TV తక్కువ శక్తి వినియోగిస్తుంది నా ఆర్థిక పరిస్థితి ప్రకారం ఉత్తమ ధర నాకు నిజంగా నచ్చింది,1
ఈ కెమెరా మీ కోసం ఉత్తమమైనది మరియు కొత్త 2017 మోడల్  పూర్తి HD కెమెరా బ్యాటరీ  మంచి జూమింగ్  అధిక ఫ్లాష్ లైటింగ్ నిజంగా ఈ ప్రోడక్ట్ అద్భుతం నికాన్ D40 అసలు రంగు ఇస్తుంది ఇది ఉత్తమ కెమెరా ఎక్కువ మంది Dslr ఉపయోగిస్తారు కానీ నికాన్ D40 అన్ని Dslr కన్నా భిన్నంగా ఉంటుంది ఈ కెమెరా కొనుక్కోమని ప్రతి ఒక్కరికి నేను సలహా ఇస్తాను    నా ప్రకారం అయితే ఈ కెమెరా చాలా మంచిది  మీరు Dslr  తీసుకుందాం అనుకుంటే మీకు ఇదే మంచిది  మీరు కెమెరా కొత్తగా వాడుతుంటే ఈ కెమెరా ఉత్తమమైనది ఈ కెమెరా తో పిక్చర్స్ ఒరిజనల్గా ఉంటాయి,1
మైక్రోమాక్స్ కాన్వాస్ ఇన్ఫినిటీ లో అద్భుతమైన ప్రాసెసర్ ఉంది కెమెరా కూడా బాగానే ఉంది దీని త్రీ జి బి ర్యామ్ దీని ప్రతేకత,1
,0
హాయ్  నేను షోగట మరియు ఇది శామ్సంగ్ గెలాక్సీ J2-6 గురించి నా సమీక్ష  నేను దీనిని 2 వారాల పాటు ఉపయోగించాను ఈ ఫోన్ కేవలం మిమ్మల్లి చిన్నబరుస్తుంది  మొదట లాభాలు గురించి మాట్లాడదాం   వెనుక కెమెరా 8 మెగాపిక్సెల్స్ మరియు ముందు కెమెరా 5 మెగా పిక్సెల్స్ ఉంది మరియు శామ్సంగ్ నుండి ఆశించిన విధంగా నాణ్యమైన పిక్చర్స్ వస్తాయి ఈ ఫోన్ మంచి పట్టును అందిస్తుంది మరియు ఒక స్టైలిష్ వెనుక భాగం ఇది ఒక ప్రీమియం అనుభూతిని ఇస్తుంది కానీ ఈ ఫోన్ గురించి ఇవి మాత్రమే మంచి విషయాలు బ్యాటరీ భయంకరమైనది సుమారు 2600mAh జీవిత తో ఇది సుమారు రెండున్నర గంటలు మాత్రమే ఉంటుంది  కాబట్టి ఎల్లప్పుడూ మీరు ఛార్జర్ను పక్కనే ఉంచుకోండి! ఇది 1 5Ghz క్వాడ్ కోర్తో 1 5 GB RAM తో వస్తుంది  కాబట్టి భారీ గేమింగ్ మరియు బహువిధి నిర్వహణ గురించి మర్చిపోండి మీరు ఫోన్ను తక్కువగా వాడే వినియోగదారుల్లో ఒకరు అయితే ఈ ఫోన్ మీకు సరిపోతుంది కానీ మీరు ఈ ధర వద్ద భారీ పనితీరు కావాలనుకుంటే మోటో లేదా MI ను ప్రయత్నించండి,0
హాయ్ ఫ్రెండ్స్  మా నాన్నగారు దాదాపు 1 సంవత్సరము ముందు ఈ TVని కొన్నారు ఈ TV యొక్క శైలి మరియు డిజైన్ చాలా బాగున్నాయి కానీ ఈ TV  యొక్క వీడియో నాణ్యత అంత బాగోలేదు మరియు ఈ TV సౌండ్ రిసెప్షన్ కూడా స్పష్టంగా లేదు మరియు ఈ TV రిమోట్ చెత్త ప్లాస్టిక్తో చేసారు మరియు సులభంగా విరిగిపోతుంది ఈ ప్రోడక్ట్కి కస్టమర్ సేవలు అస్సలు బాగోలేవు మరియు వారి సిబ్బంది ప్రవర్తన బాగోలేదు కాబట్టి ఈ TV  చెత్తగా ఉంది మరియు మంచి విలువ కలిగినది కాదు  ఈ TV  కొనుగోలు చేయవద్దని నేను సూచిస్తున్నాను ధన్యవాదాలు,0
సోనీ LED tv అద్భుతంగా ఉంది  సౌండ్ వాల్యూమ్ అద్భుతంగా ఉంది   పెన్ డ్రైవ్ లేదా కార్డ్ రీడర్ని ఇన్పుట్ చేయవచ్చు మరియు ఏ బొమ్మలను అయినా నిల్వ చేయవచ్చు మరియు ఇది పూర్తిగా లోడెడ్ HD TV  వేగవంతమైన  సేవ మరియు అద్భుతమైన కంపెనీ దీనిని గోడకు అటాచ్ చేయవచ్చు లేదా మీరు టేబల్ మీద కూడా పెట్టుకోవచ్చు స్క్రీన్ మిర్రరింగ్  చేయవచ్చు మరియు గుర్తుంచుకోదగిన ఫోటోలను లేదా వీడియోలను సేవ్ చేయవచ్చు,1
నిజాయితీగా మాట్లాడితే పిక్చర్ నాణ్యత బానే ఉంది చాలా బాగుంది అని చెప్పలేను ఎందుకంటే ఈ ధరలో నికాన్ ఇంకా మెరుగైన పనితీరు చూపించచ్చు అని నా అభిప్రాయం కెమెరా అస్సలు యూజర్ ఫ్రెండ్లీగా లేదు ఎందుకంటే స్క్రీన్ పక్కన ఉన్న బటన్లు నొక్కడానికి చాలా గట్టిగా ఉన్నాయి మరియు డిస్ప్లే స్క్రీన్ నాణ్యత కూడా మంచిగా లేదు నికోన్ D3400కి డబ్బుకు తగ్గ విలువ లేదు ఎందుకంటే పిక్చర్ నాణ్యత మంచిగా లేదు  కెమెరా మన్నికైనది కాదు మరియు ప్రధానంగా డిస్ప్లే యొక్క నాణ్యత  షట్టర్ వేగం బానే ఉంది కానీ ధర పరిధిని పరిశీలిస్తే నికాన్ ఇంకా మెరుగైన పనితీరు చూపించచ్చు బ్యాటరీ జీవితం అంత మంచిది కాదు మరియు బ్యాటరీ ఛార్జ్ అవ్వడానికి చాలా సమయం పడుతుంది ధన్యవాదాలు,0
ఇది ఓ అద్భుతమైన కెమెరా  నా మొదటి DSLR ఇది మరియు నేను దీనిని 50K షట్టర్ క్రియల కోసం ఉపయోగించాను నా స్నేహితుల్లో ఒకరికి దీనికి విక్రయించబడింది మరియు వారు దానితో 100K షాట్లను తీసారు  మెకానికల్ మరియు పిక్చర్ నాణ్యత చాలా బాగున్నాయి   ఇప్పుడు బోళ్ళు కొత్త కెమెరాలు ఉన్నాయి కానీ మీకు ఇది చౌకగా దొరికినా మీరు కెమెరా కొత్తగా వాడుతుంన్నా ఈ కెమెరా ఉత్తమమైనది ఫోటో నాణ్యత నన్ను బాగా ఆకట్టుకుంది నా పాయింట్ అండ్ షూట్ డిజిటల్ కెమెరాతో దేన్నీ పోల్చలేము కెమెరాతో పిక్చర్స్ తీయడం ప్రారంభించడం చాలా సులభం ఎందుకంటే ఆటో మోడ్ అన్ని సెట్టింగులపై పూర్తి నియంత్రణను తీసుకుంటుంది మరియు మంచి ఫలితాలను ఇస్తుంది కెమెరా  చేతిలో చూడటానికి కూడా చాలా బాగుంటుంది ఇది ఒక పాయింట్ అండ్ షూట్ కంటే భారమైనది కాని నాకు బరువు గురించి ఏమి ఫిర్యాదులు లేవు నేను ఒక SB-400 బాహ్య ఫ్లాష్ను కొనుగోలు చేసాను ఇది అంతర్నిర్మిత ఫ్లాష్ కంటే మెరుగ్గా ఫోటోలో కాంతిని నింపే పనిని చేస్తుంది బ్యాటరీ బ్యాకప్ చాలా బాగుంది మరియు సాధారణ కెమెరా బ్యాటరీ బ్యాకప్ కంటే ఎక్కువ,1
సోనీ టెలివిజన్ రేటు చాలా ఎక్కువ కానీ పిక్చర్ నాణ్యత ఉంది  ఇది అసాధారణ లక్షణాలను కలిగి ఉంది  దీనిలో స్క్రీన్ మిర్రరింగ్ అనే చాలా ఉపయోగకరమైన ఫీచర్ ఉంది  స్క్రీన్ మిర్రరింగ్ ద్వారా సులభంగా సినిమాలు చూడవచ్చు మరియు సులభంగా పాటలు వినవచ్చు టెలివిజన్ యొక్క బాస్ అసాధారణమైనది మరియు థియేటర్ అనుభూతిని కలిగిస్తుంది,1
హలో ఫ్రెండ్స్ నేను పంజాబ్ పాటియాలా నుండి హర్ప్రీట్ ఈ రోజు నేను నికోన్ d3400 పై సమీక్ష వ్రాస్తాను  నష్టాలు 1 నికాన్ విడి మైక్ జాక్ ఇవ్వడం లేదు  2 ఈ ధరలో నికోన్ మాకు టిల్టెడ్ డిస్ప్లే ఇవ్వాలి కానీ వారు మాకు స్థిర డిస్ప్లే ఇచ్చారు  3  టచ్ డిస్ప్లే కాదు  4 ఈ dslr ధర చాలా ఎక్కువ నికోన్ ధర తగ్గించాలి   లాభాలు   1 నికోన్ 1200 mA బ్యాటరీ ఇస్తుంది వేరే ఎవ్వరు ఇవ్వనిది 2 ఇది ప్రారంభం కోసం ఉత్తమ DSLR  కానీ ధర చాలా ఎక్కువ,0
వివో మమ్మల్ని మోసగించింది అనుకుంటున్నాను ఎందుకంటే వివో V5 ధర ఇంచుమించు 17000 మరియు దీని ప్రాసెసర్ మీడియా టెక్ ధర 17000 మరియు ప్రాసెసర్ ప్రాసెసర్ మీడియా టెక్  సెల్ఫీ అంత బాగోలేదు ఈ ఫోన్ ధర 12000  ఉండాలి కానీ దాని ధర 17000 ఉంది ఈ బడ్జెట్లో  స్నాప్డ్రాగన్ 625 మరియు ఇతర ప్రాసెసర్లతో పలు రకాల ఫోన్లను పొందవచ్చు,0
మధ్య తరగతి వాళ్ళకి ఉపయోగకరమైనది కాని అందులో USB కనెక్షన్ తేడాగా ఉంది  USB 1 కు కనెక్ట్ అయ్యినప్పుడు అది స్పందిచలేదు USB 2 కి కనెక్ట్ చేసినప్పుడు tv  కనెక్ట్ అయ్యింది  ఎందుకంటే ఇది 2 కి కనెక్ట్ చేయబడింది  తారుమారుగా ఉంది కాని ఇది బడ్జెట్ వినియోగదారుల కోరకు  మంచి స్పష్టత  మంచి సౌండ్  మంచి ధర,1
కెనన్ E0S 1000D అత్యుత్తమ నాణ్యతగల కెమెరాను ప్రవేశపెట్టింది నాకు ఫోటోగ్రఫీ అంటే ఇష్టం కాబట్టి మా నాన్మగారు ఈ కెమెరా కొనుగోలు చేసారు ఇది ఉపయోగించడం చాలా సులభం నలుపు రంగుది అద్భుతంగా ఉంటుంది  ఒఫ్కోర్స్ నేను ఒక నల్లనిదాన్ని తీసుకున్నాను దీనిలో ఒక షట్టర్ క్లిక్ ఉంది ఇది ఒకే సమయంలో అనేక పిక్చర్స్ క్లిక్ చేస్తుంది మరియు ఒక కోడ్ పంపుతుంది పిక్చర్స్ కోడ్ ద్వారా కంప్యూటర్ / ల్యాప్టాప్ లోకి పంపవచ్చు వైర్లెస్ ఓప్షన్స్ కూడా అందుబాటులో ఉన్నాయి పిక్చర్ నాణ్యత ఎంత బాగుంది అంటే పూర్తి జూమ్ తర్వాత కూడా పిక్చర్ అస్పష్టంగా లేదు 1  ఊహించిన ధర 2 మంచి జూమ్ మరియు అద్భుతమైన పిక్చర్ నాణ్యత 3  అంతర్భాగంగా నిర్మిచబడిన ఎడిట్ ఓప్షన్స్ 4  మంచి మరియు దీర్ఘ కాల బ్యాటరీ లైఫ్ మరియు సమీపం లో సేవా కేంద్రం ఉంది,1
నికోన్ d50 ఫోటోగ్రాఫర్స్చే ఉపయోగించబడే మంచి కెమెరా ఇది చాలా స్పష్టత మోడ్ కెమెరా నికోన్ని మార్కెట్లో DSLR అని పిలుస్తారు ఇది ఫొటోషూట్కు ప్రసిద్ధి చెందింది ఎందుకంటే ఇది ఒక మంచి నాణ్యతగల కెమెరా  అందరూ ఫోటో షూట్ కోసం ఈ కెమెరా వాడతాదరు మరియు దాని పిక్చర్ నాణ్యత కూడా మంచిది  దూరం నుండి కూడా ఫొటోలు తీయవచ్చు కానీ దీని స్పష్టత ఇతర కెమెరాలతో పోలిస్తే చాలా బాగుంది యూజర్ ఫ్రెండ్లీగా ఉంటుంది  కెమెరా లుక్ చాలా బాగుంది కాబట్టి దానిని చాలా జాగ్రత్తగా ఉంచుతాము  మిగతా వాటితో పోలిస్తే దీని ధర కూడా కొంతవరకు తక్కువే సుమారు 40  000rs షట్టర్ వేగం కూడా చాలా బాగుంది  పిక్సెల్ స్పష్టత కూడా చాలా బాగుంది బ్యాటరీ చార్జ్ అవ్వడానికి 140 నిమిషాలు పడుతుంది మరియు చాలా గంటలు దానిని ఉపయోగించవచ్చు  నేను ఫోటో షూట్ కోసం దీనినే సిఫార్సు చేస్తాను ఇది చాలా మంచి కెమెరా,1
ఇది చాలా మంచి కెమెరా 	నేను అనుకున్నదానికన్నా మంచి పిక్చర్ నాణ్యత కలిగి ఉంది మరియు బ్యాటరీ లైఫ్ కూడా అద్భుతంగా ఉంది నేను ఒక్కసారి పూర్తిగా ఛార్జ్ చేస్తే చాలా పిక్చర్స్ షూట్ చెయ్యవచ్చు ఈ కెమెరా కొనుగోలు చేయడానికి నేను చెల్లించిన డబ్బు మొత్తం తగిన ఖర్చే నేను ఈ dslr తో సరైన పిక్చర్స్ షూట్ చేయవచ్చు మరియు ఇది నా విద్యాభ్యాసం అంతటా కూడా నాకు సహాయం చేస్తుంది  ఇది కూడా గొప్ప విషయే,1
రెడ్మీ 4A ఆ ధర విభాగంలో అత్యుత్తమ కిల్లర్ ఫోన్ మరియు స్పెక్స్ కూడా ఆ ధర వద్ద అద్భుతంగా ఉన్నాయి మరియు మంచి హార్డ్వేర్ కలిగి ఉంది మీరు మెరుగైన హార్డ్వేర్  మెరుగైన పనితీరు   ప్రీమియమ్ లుక్ మరియు చౌక ధర కావాలనుకుంటే ఈ ఉత్పత్తిని కొనుగోలు చేయండి,1
హలో ఫ్రెండ్స్ నేను ఈ ఫోన్ ను 4 నెలల నుండి ఉపయోగిస్తున్నాను చివరకు చెత్త ఫోన్ అని తెలిసింది కెమెరా స్పష్టత చాలా తక్కువగా ఉంది మరియు వీడియో కాలింగ్కి ముందువైపు ఉన్న కెమెరా పనిచెయ్యడం లేదు  బ్యాటరీ బ్యాక్ అప్ బాగుంది కానీ మొత్తం చార్జ్ అవ్వడానికి 3 గంటలు పడుతుంది 10 నిమిషాల కన్నా ఎక్కువ కెమెరాను వాడీనప్పుడు ఫోను వేడెక్కి పోతోంది మరియు ఇది ఎస్ఫాల్ట్ నైట్రో ఆటకుకూడా   మద్దతు చేయదు  స్పీకర్ నుండి సౌండ్ తక్కువగా ఉంది కొన్ని కనెక్టివిటీ సమస్యలు కూడా ఉన్నాయి  కాబట్టి ఫ్రెండ్స్ దీనిని కొనుగోలు చేయ్యద్దు,0
హై ఫ్రెండ్స్! నేను Canon EOS 1000D గురించి మాట్లాడాలనుకుంటున్నాను  కొన్ని వారాల క్రితం నేను Canon EOS 450D ను సమీక్షించాను విజయవంతమైన లైన్ లో తాజాది కానన్ EOS 1000D మంచి ప్రవేశ-స్థాయి DSLR దాని 1600 యొక్క బాడ్ గరిష్ట ISO  తప్ప బాడ్ బడ్జెట్ అనుభూతి ; సగటు పనితీరు ; కానన్ EOS 1000D ను సరసమైనదిగా రూపకల్పన చేసారు,0
క్రోమా మార్కెట్ లోని రిలయన్స్ డిజిటల్ ఎక్స్ప్రెస్ షోరూమ్ నుంచి 5 రోజులు ముందు ఈ TVని కొనుగోలు చేశాను నా పాత CRT TV ను మార్చి   పిక్చర్ నాణ్యతతో సౌండ్ & అంప్ తో చాలా సంతృప్తిగా ఉన్నాను   కుటుంబసభ్యులు అందరు చూడటానికి ఈ TVని ఒక మంచి నాణ్యత సరసమైన TV గా సిఫార్సు చేస్తుంది  నేను నిజంగా సంతోషంగా ఉన్నాను అది ఏ సమస్య లేకుండా 1080p HD చిత్రం ప్లే చేస్తుంది ఈ ప్రోడక్ట్ తో 2 సంవత్సరాల వారంటీ పొందుతారు మీరు ఎక్కువగా ఆలోచించకండి తప్పక కొనుగోలు చేయండి సర్వీస్ మరియు సప్పొర్ట్ అద్భుతంగా ఉంటాయి  ఏసమస్య అయినా త్వరగా పరిష్కరిస్తారు,1
హలో ఫ్రెండ్స్ నేను నేడు ఒక కోర్యో LCD TVని సమీక్షించబోతున్నాను ధర చాలా తక్కువగా ఉందని కొన్ని సంవత్సరాల క్రితం ఒక స్నేహితుడు కొనుగోలు చేసాడు ఒక ప్రోడక్ట్ ధర తక్కువగా ఉన్నప్పుడు వీడియో నాణ్యత పరంగా మీరు ఎక్కువ ఆశించలేరు అందుకే వీడియో నాణ్యత చాలా ప్రాథమికంగా ఉంది మరియు ఈ రోజుల్లో ఉపయోగించే HD నాణ్యత లేదు ఈ TV పిల్లలకు ఉత్తమంగా పని చేస్తుంది ఎవరైతే కేవలం కార్టూన్లను రోజంతా చూస్తారో సౌండ్ రిసెప్షన్ చాలా ప్రాథమికమైనది  సౌండ్ ఈక్వలైజర్  బాస్ మొదలైనవంటి అదనపు ఫన్క్షనాలిటీలు లేవు కానీ ప్రాథమిక ఫీచర్స్ కూడా తగినంతగా లేవు మీరు కుటుంబంతో కలిసి చూస్తే  వాయిస్ చాలా తక్కువగా ఉంటుంది కనుక బాహ్య స్పీకర్ వ్యవస్థ అవసరం  రిమోట్ కంట్రోల్ వంటి బాహ్య ఉపకరణాలు వైపు చూస్తే ప్లాస్టిక్ చాలా చెత్తగా ఉంది మరియు బ్యాటరీలతో రాలేదు కత్తవి కొనుగోలు చేయవలసి వచ్చింది  ఇది డబ్బుకు తగ్గ  TV కాదు  అందువల్ల సిఫార్సు చేయను  ధన్యవాదాలు సిడ్,0
జియోమి రెడ్మి నోట్ మంచి ఫోన్ వెరో రెడ్మి వారి నోట్ 4ను రిలీస్ చేస్తున్నారు కానీ ఇప్పటికీ రెడ్మి నోట్ తన సొంత రంగంలో మంచిది రెడ్మి నోట్ 4 కన్నా ఇది చాలా మంచిది 3gb RAM వెర్షన్ ఇది 4000mah యొక్క బ్యాటరీ జీవితం కలిగి ఉంది ఇది దాదాపు ఒక రోజుకి నడుస్తుంది ఇది 3gb RAM తో వస్తుంది మరియు ఒక అద్భుతమైన కెమెరా మరియు 5 5 ఇంచ్ పూర్తి HD డిస్ప్లయ్ పూర్తిగా ఒక అద్భుతమైన ఫోన్ ఉత్తమ ఫోన్  లవ్డ్ ఇట్,1
సామ్సంగ్ TV ఉత్తమమైనది ఏ ఫిర్యాదు లేదు  6 సంవత్సరాలనుండి ఉపయోగిస్తున్నాను ! సామ్సంగ్ ledతో నా అనుభవం చాలా బాగుంది నేను ఈ ప్రోడక్ట్ని 2011/2012 నుండి ఉపయోగిస్తున్నాను  నేటి వరకు నేను ఈ led TVతో ఏసమస్య ఎదుర్కోలేదు సౌండ్ రిసెప్షన్ అద్భుతంగా ఉంది అదనపు స్పీకర్ అవసరం లేదు 30+ వాల్యూమ్ స్థాయిలో  ఇది థియేటర్ సౌండ్ అనుభవం వలె అనిపిస్తుంది కొన్నిరోజుల ముందు రిమోట్తో మాత్రమే సమస్య ఎదురయ్యింది  అయితే రిమోట్లు మార్కెట్లో సులభంగా rs 150 / 200 కి లభిస్తున్నాయి  మంచి పిక్చర్ నాణ్యత పవర్ పొదుపు మోడ్ అద్భుతంగా ఉంది మీరు పవర్ని లో | మిడ్ | హై మోడ్లలో ఎడ్జస్ట్ చేయవచ్చు  HI పొదుపు మోడ్ లో కూడా సులభంగా స్క్రీన్పై చిత్రాలు చూడవచ్చు  స్క్రీన్ నాణ్యత అద్భుతంగా ఉంది  అన్ని అటాచ్మెంట్లు బాగా పని చేస్తున్నాయి,1
నేను ఈ కెమెరాను కొన్నప్పటినుండి ఒకటి రెండు నెలల వరకు ఈ కెమెరా బ్యాటరీ బాగానే ఉంది కానీ ఆ తర్వాత ఈ కేమెరా బ్యాటరీతో ఇబ్బంది మొదలయ్యింది కొన్నిసార్లు నేను ఫొటో తీద్దాం అనుకొని కెమెరా ఉపయోగించినప్పుడు అది స్విచ్ ఆఫ్ అయి పోతోంది ఈ రేటు వద్ద ఇతర సంస్థలు అద్భుతమైన విశ్వసనీయతను ఇస్తున్నాయి ధన్యవాదాలు,0
హలో ఫ్రెండ్స్ స్పీకర్ యొక్క సౌండ్ సాధారణం  సౌండ్ నాణ్యత చాలా తక్కువ  పిక్చర్ నాణ్యత సగటు కనెక్టివిటీ సగటు కంటే తక్కువగా ఉంది మీరు ఈ కొనుగోలు చెయ్యద్దు అని నేను సలహా ఇస్తాను మరి కొనుగోలు చేయాలనుకుంటున్నారా తనిఖీ చేసి కొనుగోలు చేయండి వీడియో నాణ్యత సగటు ఇది hd వీడియోకి మద్దతు ఇచ్చింది కాని నేను పెండ్డ్రైవ్ నుండి సినిమాని చూస్తున్నాను  సౌండ్ ఆగి ఆగి వస్తుంది చివరికి ఇది విలువైన ప్రోడక్ట్ సేవ చాలా చెత్తది  శామ్సంగ్ టీవి మార్కెట్లో అదే ధర స్థాయిలో అందుబాటులో ఉన్న ఇతర ఉత్పత్తులతో పోలిస్తే అంత మంచిది కాదు దీనిలో చాలా ఫన్క్షస్ మరియు ఫీచర్స్ లేని కారణంగా ఈ ప్రోడక్ట్ కస్టమర్ అంచనాలను చేరుకోలేదు ఇది చాలా ఖరీదైన ప్రోడక్ట్,0
ఉత్తమం ఏమిటంటే మీరు దీని గురించి ఆలోచించ కండి ఈ రోజుల్లో చౌకైన TVలే బాగా పని చేస్తున్నాయి  ఈ ప్రోడక్ట్కి చాలా ఫిర్యాదులు వస్తున్నాయి మరియు ప్రజలు ఈ ప్రోడక్ట్ గురించి నిజంగా చెడ్డ సమీక్షలు కలిగి ఉన్నారు వీడియో మరియు సౌండ్ నాణ్యత మంచివే కానీ కొన్నాళ్ళకి నాణ్యత తగ్గిపోతోంది  నేను ఒక vu లేదా ఇంకేదైనా కొనమని సిఫార్సు చేస్తాను,0
4 GB  చాలా ఎక్కువ ఎంత ఉపయోగించినా ఇంకా ఉపయోగించడానికి చాలా ఉంటుంది కెమెరా స్పష్టత అద్భుతంగా ఉంది  12500 విలువ ఉంటుందా అంటే లేదనే చెప్పాలి  4gb రామ్ బదులుగా రెడ్మి 4  సిఫారసు చేస్తాను నేను దీనిలో 3GB రామ్ మరియు ఒక 32 GB అంతర్గత మెమరీ ఉన్నాయి  MC5  ఎస్ఫాల్ట్ నైట్రో  బాడ్ కాప్స్ లాంటి భారీ గేమ్స్ ఆడటానికి కూడా సరిపోతుంది  కెమెరా బాగుంది కానీ మీరు రామ్ కూడా చూసుకోవాలి,0
ఈ T V బానే ఉంది కానీ అంత మంచిది కాదు  ఈ TV సౌండ్ మరియు పిక్చర్ నాణ్యత మంచివి కావు  నేను ఈ TVని కొనుగోలు చేసాను కానీ 7-8 నెలల తర్వాత TV దానంతట అదే ఆగిపోయింది  నా అనుభవం ఈ TV తో అంత మంచిది కాదు ప్రధాన విషయం ఈ TV పిక్చర్ నాణ్యత మరియు మంచి సౌండ్ ఈ TV లో మీరు రెండు పొందలేరు  నేను ఈ TV రిలయబిలిటి గురించి మాట్లాడితే   రిలయబిలిటి ఏవరేజ్గా ఉంది మీరు ఈ TV మీద డబ్బు ఖర్చు చేయాలనుకుంటే  దయచేసి ఆగి మంచి సౌండ్ మరియు పిక్చర్ నాణ్యత గల TV మీద డబ్బు పెట్టండి,0
ప్లస్ గైస్ ఈ కోర్యో lcd TVని కొనుగోలు చెయ్యద్దు  డబ్బులు వేస్ట్లు  చాలా చెత్త ప్రోడక్ట్  ఈ lcd ను కొనుగోలు చేయవద్దు  పిక్చర్ నాణ్యత అస్సలు బాగోలేదు  సౌండ్ నాణ్యత అస్సలు బాగోలేదు ఈ ప్రోడక్ట్ దేనికీ పనికి రాదు ఫ్రెండ్స్ దయచేసి ఈ ప్రోడక్ట్ని కొనుగోలు చేయవద్దు డబ్బు మరియు సమయం వృధా  ఇది మంచిది కాదు నిజంగా మంచి కాదు,0
హాయ్ గైస్  ఈ కోర్యో lcd TV అస్సలు బాగోలేదు దీని పిక్చర్ నాణ్యత అస్సలు బాగోలేదు మరియు చాలా మసకగా ఉంది దీనికి మంచి నాణ్యత లేదు కాబట్టి ప్రజలు ఉత్తమ శబ్దాన్ని పొందడానికి బాహ్య స్పీకర్లు ఉపయోగిస్తున్నారు ఇది 720p వద్ద పిక్చర్ నాణ్యత చూపిస్తుంది కానీ 480p మాత్రమే ఇస్తుంది  దీని బొమ్మ నాణ్యత చాలా మసకగా ఉంది దాని సౌకర్యం మరియు సేవ ప్రకారం  ఈ lcd ధర చాలా ఎక్కువగా ఉంది దీని సౌకర్యాలు మరియు సేవలు  అస్సలు బాగోలేవు  కాబట్టి దయచేసి దీనిని కొనకండి ధన్యవాదాలు,0
సామ్సంగ్ గెలాక్సీ J2 - 6  2016 ఎడిషన్  అద్భుతమైన మొబైల్ ఫోన్ ఇటీవల 2 నెలల క్రితం నేను సామ్సంగ్ గెలాక్సీ J2 ను కొనుగోలు చేసాను నాకు ఈ ఫోన్ అంటే చాలా ఇష్టం మరియు ఈ ఫోన్ సౌండ్ నాణ్యత అద్భుతంగా ఉంది  అన్ని సామ్సంగ్ ఫోన్ల సౌండ్ నాణ్యత అద్భుతంగా ఉంటుంది అనుకుంటున్నాను మరియు సామ్సంగ్ J2 ఫోన్ స్టైలిష్గా మరియు స్లిమ్గా ఉంటుండి ఇది బాగా డిజైన్ చేసిన ఫోన్ అని అనుకుంటున్నాను పూర్తిగా స్లిమ్ మరియు వెనుక డిజైన్ అద్భుతంగా ఉంది మరియు ఇది పూర్తిగా యూజర్ ఫ్రెండ్లీ మరియు అద్భుతంగా ఉంది మరియు అత్యంత ముఖ్యమైనది ఫోన్ ధర సుమారు 9000 మాత్రమే మధ్యతరగతి కుటుంబాలు సులభంగా కొనచ్చు డిస్ప్లే నాణ్యత HD కెమెరా నాణ్యత వంటి చాలా ఫీచర్స్ అద్భుతంగా ఉన్నాయి మరియు చాలా ఇతర ఫీచర్స్ కూడా ఉన్నాయి కాబట్టి నేను సూచించేది ఏమిటంటే ఒక కొత్త ఫోన్ను కొనుగోలు చేయడానికి మీరు అనుకున్నట్లయితే దయచేసి ఈ ఫోన్ను కొనుగోలు చేయండి ఈ ధరకి ఇదే ఉత్తమం  హామీ గల వస్తువు ధన్యవాదాలు సామ్సంగ్ గెలాక్సీ J2,1
కానన్ EOS 1000D మంచి ఫీచర్లు మరియు ఫన్క్షనేలిటీస్లతో ఉన్న ఉత్తమ డిజిటల్ కెమెరాలో ఒకటి జ్ఞాపకాలను బంధించడం నాకు చాలా ఆసక్తిని కలిగిస్తుంది అందుకే నేను ఈ కెమెరాను ప్రతిచోటా ఉపయోగిస్తాను  నేను మంచి స్నాప్షాట్లను తీసుకొని భవిష్యత్తులో వాటిని గుర్తుచేసుకుంటాను  కెమెరా యూజర్ ఫ్రెండ్లీగా ఉంటుంది మరియు ఇది వాడటానికి చాలా సులభం పిక్చర్స్ క్లిక్ చేసే వేగం చాలా బాగుంది మరియు నికాన్ d4 వంటి ఇతర కెమెరా కన్నా ఉత్తమమైనది  ఈ డిజిటల్ కెమెరా నుంచి తీసిన పిక్చర్స్ చాలా నాణ్యమైనవి నేను ఈ కెమెరా నుండి తీసిన కొన్ని పిక్చర్స్ ప్రింటింగ్ కోసం ఇచ్చాను  ఫోటోలు నిజంగా అద్భుతంగా ఉన్నాయి  ఈ కెమెరా కొనుగోలు చేయడం సమంజసం దీని బ్యాటరీ లైఫ్ అద్భుతం మరియు ఏ నష్టాలను మరియు సమస్యలను తేకుండా ఎక్కువ సంవత్సరాలు కొనసాగుతుంది  సో ఈ డిజిటల్ కెమెరా కొనండి ఎందుకంటే నాణ్యత గల పిక్చర్స్  ఉపయోగించడం సులభం మరియు అద్భుతమైన బ్యాటరీ లైఫ్,1
హాయ్ ఫ్రెండ్స్  నేడు నేను కానన్ EOS 1000D కెమెరా గురించి మాట్లాడుతున్నాను  ఇది నా అభిమాన కెమెరా ఇది మంచి ఫోటోలను తీస్తుంది మరియు ఉత్తమమైన నాణ్యత గల కెమెరా  కెమెరా యూజర్ ఫ్రెండ్లీ మరియు ఈ కెమెరా క్లిక్ బటన్ చాలా మృదువైనది ఇది ఉపయోగించడానికి మరియు నిర్వహించడానికి చాలా సులభం  ఈ కెమెరాతో పిక్చర్ షేరింగ్ చాలా సులభం   మంచి పిక్చర్ రావడానికి సెట్టింగ్ మరియు ఆటో క్లిక్ ఉపయోగించండి ఈ కెమెరా ఫోటో-షూట్కి   పెళ్ళిళ్ళకి మరియు ఏ ఫంక్షన్స్కి అయినా ఉపయోగించవచ్చు ఈ కెమెరా బ్యాటరీ లైఫ్ బాగుంది  నేను ఈ కెమెరాను ఉపయోగించాను మరియు నాకు ఇది చాలా నచ్చింది   థేంక్యూ ఫ్రెండ్స్,1
గైస్ అన్నిటికన్నా ముందు నేను రెడ్మి నోట్ 3 ఫోన్ యొక్క అనుభవాన్ని పంచుకోవాలని అనుకుంటున్నాను రెడ్మి నోట్ 3 ఫోన్ లో ఒక బలమైన బ్యాటరీ బ్యాకప్ ఉంది  పూర్తి ఛార్జ్ అవ్వడానికి 2 గంటలు పట్టవచ్చు కానీ అది పూర్తిగా చార్జ్ అయినప్పుడు అది దీర్ఘకాలం ఉంటుంది  రెడ్మి నోట్ 3 ఫోన్ లో స్క్రీన్షాట్లకు స్క్రీన్పై 3 వేళ్ళు స్లయిడ్ చయ్యాలి ఇది 1 అద్భుతమైన కొత్త ఫీచర్ దాని సౌండ్ కూడా చాలా బాగుంది బ్యాక్ కెమెరా అద్భుతమైనది మరియు ముందుది కూడా ఉత్తమంగా ఉంది కానీ దాని స్క్రీన్ చాలా సున్నితమైనది క్రింద పడి నా ఫోన్ దెబ్బతింది  జాగ్రత్తగా ఉండండి మరియు మీ ఫోన్కి స్క్రీన్ గార్డుని ఉపయోగించుకోండి అంతే,1
సామ్సంగ్ గెలాక్సీ J2-6 ఆండ్రాయిడ్ ఆపరేటింగ్ సిస్టమ్ను కలిగి ఉంది 1 5 Gb RAM తో  పరిమాణం 6 9x0 8x13 7 సెం  బరువు 127 గ్రా కనెక్టివిటీ టెక్నాలజీస్ - GSM / CDMA / HSPA / EVDO / LTE   ప్రత్యేక ఫీచర్లు -యాక్సిలరోమీటర్  రేడియో  సామీప్యము  వైఫై దీని సౌండ్ నాణ్యత ఈ సెట్ను సామ్సంగ్ స్మార్ట్ ఫోన్ల నుండి ప్రత్యేకంగా చేస్తుంది సామ్సంగ్ తన యూజర్ ఫ్రెండ్లీనెస్కి చాలా పేరు మరియు సామ్సంగ్ గెలాక్సీ J2-6 మళ్ళీ నిరూపించింది మీరు ఈ సెట్ని మీ చేతిలో తీసుకున్నప్పుడు అది భిన్నంగా అనిపిస్తుంది మరియు ఈ ఫోన్ యొక్క కొన్ని అదనపు ఫీచర్స్ కారణంగా మీ స్నేహితుల సర్కిళ్లలో మీకు ఒక ప్రత్యేకత ఉంటుంది  దీని ధర ఎక్కువ ఏమి కాదు ఈ ఫీచర్ల తో ఉన్న ఇతర మొబైల్ ఫోన్నతో పోలిస్తే   సరిగ్గా సరిపోల్చుకుంటే ఈ ధరలో ఇదే బెస్ట ఫోన్ అని నేను భావిస్తున్నాను  చివరిగా నేను చెప్పేది ఏమిటంటే స్మార్ట్ ఫోన్ కొనాలనుకునే వాళ్ళకి ఈ ఫోన్ ఉత్తమం ఈ ఫీచర్ల తో ఈ ధరలో ఏ ఇతర ఫోన్ లేవు,1
నికోన్ D80 నేను ఇటీవల నా సమీప నికోన్ షోరూమ్ నుండి DSLR కెమెరాను తీసుకువచ్చాను  కెమెరా చూడటానికి అద్భుతంగా ఉంది కానీ ఈ కెమెరా నాణ్యత అంత బాగోలేదు  కెమెరా యొక్క పిక్చర్ నాణ్యత దాని పరిధిలోని ఇతర కెమెరాలతో పోలిస్తే చాలా చెత్తగా ఉంది కెమెరా యూజర్ ఫ్రెండ్లీగా ఉంది దీర్ఘ కాల బ్యాటరీ జీవితం మరియు మంచి షట్టరింగ్ వేగం,0
ఇది చాలా మంచి కెమెరా నేను నా సోదరుడు యొక్క వివాహం లో ఉపయోగించారు మరియు పిక్చర్స్ అద్భుతంగా ఉన్నాయి పిక్చర్ నాణ్యత చాలా గొప్పగా ఉంది మరియు సైజు కూడా చాలా బాగుంది పిక్చర్స్ ఎన్లార్జ్ చేసినా పిక్సలేట్ అవ్వవు ఇది ఉత్తమ ప్రవేశ స్థాయి కెమెరా ఇది నా మొదటి కెమెరా మరియు ఫొటోలు తీయడం ప్రారంభించడానికి ఇది అద్భుతమైన కెమెరా మొట్టమొదటి అంశం ఏమిటంటే ఇది ప్రస్తుతం ఉన్న వాటిలో చౌకైన DSLR ఈ శ్రేణిలో మరొకటి నికాన్ D3000  అతి పెద్ద లోపం ఏమిటంటే  అది CCD సెన్సార్ కలిగి ఉండగా కానన్ కి CMOS సెన్సార్ ఉంది,1
హాయ్ గైస్ రికనెక్ట్ ఒక రిలయన్స్ యొక్క ప్రోడక్ట్ మరియు ఇది చాలా చౌకగా ఉంది  రిలయన్స్ డిజిటల్లో చాలా ప్రజాదరణ పొందినది మరియు ధర చాలా బాగుంది  కానీ దీని ఫీచర్స్ ఏ సోనీ శామ్సంగ్ లేదా lg ఉత్పత్తులు అంత మంచివి కావు  కానీ కొంచం తక్కువ ధర అవసరం మీరు ఈ ఉత్పత్తిని కొనుగోలు చేయవచ్చు కానీ మీరు నాణ్యమైన ఉత్పత్తిని పొందరు మీరు సోనీ శామ్సంగ్ lg మరియు పానాసోనిక్ను ధర ప్రయోజనం కోసం కొనుగోలు చెయ్యచ్చు రికనెక్ట్ యొక్క ధర చాలా తక్కువగా ఉంది మరియు ఇది రిలయన్స్ సంస్థ యొక్క ఉత్పత్తి  కనుక రికనెక్ట్ చాలా బాగా ఉంది,0
హాయ్ ఫ్రెండ్స్ నేను నికోన్ D80 కెమెరా గురించి మీకు చెప్పబోతున్నాను తక్కువ ఫీచర్ నాణ్యత కలిగి ఉంది ఈ నికోన్ D80 ఉపయోగకరమైన కెమెరా కాదు ఈ ప్రోడక్ట్ సమయం మరియు డబ్బు వేస్ట్ ఈ కెమెరా యొక్క అన్ని ఫీచర్స్ చాలా తక్కువ నాణ్యత కలిగినవి  తక్కువ పిక్సెల్ పవర్ ఉంది నికాన్ D80 కి కూడా తక్కువ బ్యాటరీ బ్యాకప్ ఉంది ఇది ఛార్జ్ చేయడానికి చాలా గంటలు పడుతుంది మరియు దాని ఛార్జింగ్ సామర్థ్యం చాలా తక్కువగా ఉంది ఇది ఛార్జింగ్ లేకుండా 2 గంటల వరకు ఉంటుంది మార్కెట్లో నికోన్ D80 ధర చాలా ఎక్కువగా ఉంది ఈ ప్రోడక్ట్ని కొనుగోలు చెయ్యడం మధ్యతరగతి వ్యక్తి కి మరింత ఎక్కువ కష్టం  నేను మీ అందరిని కోరుతున్నాను దయచేసి ఈ ప్రోడక్ట్ని  కొనుగోలు చేయవద్దు,0
రెండు నెలల క్రితం నేను Vu 40k16 పూర్తి Hd  LED TV కొనుగోలు చేసాను   ఇది నిజంగా మంచిదని చెప్పడానికి నేను చాలా సంతోషించాను సౌండ్ నాణ్యత అద్భుతంగా ఉంది  పిక్సెల్ నాణ్యత అద్భుతంగా ఉంది మరియు ఈ TV యొక్క ధర అందుబాటులో ఉంది నాకు ఈ TVని కొనుగోలు చేయడం చాలా ఆనందంగా ఉంది  కంపెనీ సేవలు చాలా బాగున్నాయి కొనుగోలు చేసిన తరువాత 2 గంటల్లో TV ఇన్స్టలేషన్ జరిగింది  నేను TV కొనుగోలు చేసే కొనుగోలుదారులు అందరికి దీన్ని  సిఫార్సు చేస్తాను  vu hd tv నిజంగా అద్భుతంగా ఉంది తప్పక కొనుగోలు చేయండి  నేను కొనుగోలు చేసిన తర్వాత గూగుల్ లో ధరను వెతికాను  vu నే చౌకైన మరియు ఉత్తమ TV మరియు ఇంతకన్నా ఉత్తమ ఫీచర్ కలిగిన led దొరకలేదు,1
ఈ జియోమి రెడ్మి నోట్ 4Gb RaM మొబైల్ చాలా అందంగా ఉంది మరియు ఆకారం చాలా మంచిది  రెడ్మి నోట్ 4 4Gb RaM అత్యుత్తమమైనది 4100mah బ్యాటరీతో ఎక్కువసేపు నడుస్తుంది  మేము స్మార్ట్ఫోన్ పవర్హౌస్ను అందిస్తున్నాము అధిక-నాణ్యత బ్యాటరీలతో రూపం త్యాగం చేయకుండా నేనురెడ్మి నోట్ 4  గురించి తెలుసుకున్నప్పుడు అది బడ్జెట్ లోపల వస్తుంది అని చెప్పడం చాలా ముఖ్యం అని అనిపించింది బడ్జెట్ ఫోన్ అవసరమైన ప్రజలకు ఇది చాలా బాగుంది చాలా సంతృప్తికరమైన ది  రెడ్మి నోట్ 4 ఉత్తమ శ్రేణి ఫోన్ నేను దీనిని 3 నెలలు నుండి వాడుతున్నాను మరియు నేను ఏ సమస్యను ఎదురుకోలేదు రెడ్మి నోట్ 4  ఇతర బ్రాండ్ మొబైల్లతో పోలిస్తే అద్భుతమైనది,0
నాకు ఇప్పటికీ ఒక nikonD70  డిజిటల్ కెమెరా ఉంది  మరియు ఎప్పుడూ అమ్మే ఉద్దేశ్యం లేదు  నేడు కూడా షార్పనెస్ అద్భుతంగా ఉంది నేను అనేక కారణాల వలన D7000 కు అప్గ్రేడ్ చేసాను తక్కువ కాంతితో సహా  బయట ఉన్నటు వంటి లైటింగ్ ఉండి ఉంటే D70 మంచిదే  మొత్తంమీద చాలా మంచిది,1
డిజైన్ మరియు ఫీచర్లు చాలామటుకు TVలు నలుపే ఉంటాయి  అరుదుగా షైనీ సిల్వర్ TVs  సామ్సంగ్ మరియు LG వారి హై ఎండ్ మోడల్స్ లోనే ఉంటుంటాయి  Vu 4k16 a మోడల్ యొక్క వెనుక మరియు ఇరు వైపులు షైనీ సిల్వర్లో ఉన్నాయి కాని పెద్దగా ఉపయోగం లేదు   బేజల్ కూడా స్లిమ్గా ఉంది మరియు ముందు మొత్తాన్ని ప్యానలే ఆక్రమించింది  పిక్చర్ పర్ఫొర్మన్సె మేము సరిగ్గా Vu LEDN50K310X3D ను సమీక్షించడానికి అనేక రకాల కంటెంట్లను ఉపయోగించాము  ఇందులో ప్రామాణికమైన నిర్వచనం మరియు 720p TV కార్యక్రమాలు మరియు వీడియో క్లిప్లు ఉంటాయి  ఏద్జె ఒఫ్ టుమొర్రౌ 1080p 2D వెర్షన్   X-మెన్ 1080p 3D వెర్షన్: డెయ్స్ ఒఫ్ ఫ్యుచర్ పాస్ట మరియు స్టాక్ ఫుటేజ్ డెమో 4K క్లిప్  మేము ఇంటర్నెట్లో మీడియాను ప్రసారం చేస్తున్నప్పుడు ప్రదర్శన ఎలా ఉందో చూడటానికి వివిధ రెసొల్యుషన్స్ లో YouTube వీడియోలను కూడా రన్ చేసాము  సౌండ్ పర్ఫొర్మన్సె Vu 50-అంగుళాల LED నుండి ఆడియో అవుట్పుట్ అంత బాలేదు అని చెప్పలేము అలాగే అంత బాగుంది అని చెప్పలేము   ఈ చిన్న స్పీకర్లు పెద్దగా ఉపయోగపడతాయని ఆశించట్లేదు కానీ  కొన్ని సమయాల్లో దాని పనితీరు చూసి నిరాశకు గురయ్యాము  వాల్యూమ్ చాలా తక్కువగా ఉంది మరియు మీరు తగినంత అవుట్పుట్ పొందడానికి వాల్యూమ్ చాలా ఎక్కువ పెట్టవలసి వస్తంది  ఫ్రొస్ సమగ్ర ఫీచర్ లిస్ట్ అద్భుతమైన 3D  నాణ్యత  మంచి UHD video పర్ఫొర్మన్సె   సౌకర్యంగా ఉన్న పోర్ట్స్  ఖోన్స్ సౌండ్ పర్ఫొర్మన్సె ఇంకా బాగుండచ్చు రంగులు నిస్తేజంగా ఉన్నాయి   చెత్త రిమోట్ మరియు యూజర్ ఇంటర్ఫేస్రేటింగ్లు  డిజైన్ : 3 పర్ఫొర్మన్సె :3 డబ్బుకు తగ్గ విలువ: 5 మొత్తం మీద: 3 5  ఇది నా అనుభవం ధన్యవాదాలు,1
సోనీ బ్రావియా అనేది అన్ని సంస్థలలోని అత్యంత అందమైన మరియు అత్యుత్తమ బ్రాండ్లలో ఒకటి సోనీ బ్రావియా సంస్థ యొక్క పిక్చర్  నాణ్యత మరియు సౌండ్ ప్రభావాలు నాకు ఇష్టం ఇది చాలా అందమైన TV  హోమ్ థియేటర్లా ఉంటుంది  సోనీ కంపెనీ బ్రాండ్లు నేను చాలా ఇష్టపడతాను ఎందుకంటే ఈ సంస్థ సరిఅయిన కోంట్రాస్ట్ మరియు అధిక నాణ్యతగల పిక్చర్ను ఇస్తుంది,1
ఈ కెమెరాను చేసాను కొనుగోలు చేసినప్పుడు ఆనందంగా అనిపించింది కానీ నేను ఒక పిక్ క్లిక్ చేసినప్పుడు నాణ్యత చాలా చెత్తగా ఉంది మరియు నేను చాలా విచారంగా ఉన్నాను ఈ కెమెరా మొబైల్ కెమెరా లాగా ఉంది ఇది చాలా స్టైలిష్గా ఉంది ఎవరైనా మార్కెట్లోకి వెళ్లి ఈ కెమెరాను చూస్తే అది మంచిదని అనుకుంటారు ఎందుకంటే అది పెద్ద లెన్స్ కలిగి ఉంది దయచేసి ఇది కొనుగోలు చెయ్యొద్దు  మీరు ఒక కెమెరా కావాలనుకుంటే మరియు దానిని కొనుగోలు చేయదలిస్తే కానన్ మంచిది,0
నా బంధువులలో ఒకరు ఈ ఫోన్ను ఫ్లిప్కార్ట్లో కొన్నారు వారు సిమ్ కార్డు ఎజేక్టార్ ఇవ్వలేదు కెమెరా నాణ్యత గుర్తించదగినంత లేదు మరియు కొన్ని ఆన్లైన్ స్టోర్లలో అదనపు ఖర్చులు లేని EMI  అందుబాటులో లేదు ఈ ఫోన్ బ్యాటరీ 2730 mah ఇప్పుడు ప్రతి ఫోన్ 3300-4000 mah బ్యాటరీలు ఇస్తున్నారు  ఈ ఫోన్ విలువ 8000 అంతకన్నా అనవసరం,0
ఇది మధ్యస్థమైన dslr కెమెరా లెన్సులు మార్చుకోగలిగినవి అది 10 మెగా పిక్సల్ లెన్స్ కలిగి ఉంది దాని బ్యాటరీ సామర్థ్యం 1000mah దీని పిక్చర్ నాణ్యత స్పష్టంగా లేదు అందుకే ఈ dslr కెమెరా మీకు అంత మంచి ఎంపిక కాదు అని నా ఫీలింగ్ ఇది తక్కువ కాంతి పరిస్థితిలో కొంత శబ్దాన్ని కలిగి ఉంది  డిజైన్ అంత మంచిగా లేదు మరియు చేతిలో పట్టుకోవడానికి అయితే భారీగా ఉంది కొద్దిగా జూమింగ్ తర్వాత చిత్రాల నాణ్యత తగ్గిపోతోంది చాలా నిరాశపరిచింది  నిర్మాణ నాణ్యత ఆకట్టుకునేలా లేదు దీనిని కొనుగోలు చేయవద్దు 3k జోడించడం ద్వారా మంచి dslr కెమెరా పొందవచ్చు,0
హలో పీప్స్   రెడ్మి 3s గొప్ప ఫీచర్స్ తో ఉన్న అద్భుతమైన ఫోన్  కానీ దీనిలో రెండు ప్రధాన ప్రతికూల పాయింట్లు ఉన్నాయి 1- ముందుగా దీనిలో శీఘ్ర లేదా వేగవంతమైన ఛార్జింగ్ ఫంక్షన్ లేదు 100% బ్యాటరీ పొందడానికి 3 గంటలు పడుతుంది పూర్తిగా సమయం వ్యర్థం మరియు  2- రెండవ ప్రతికూల పాయింట్ చీకటిలో కెమెరా అస్సలు సరిగ్గా పనిచేయదు  ఫొటోలు నల్లగా వస్తాయి రెడ్మి 4 లేదా 4A  తీసుకోమని నేను సూచిస్తాను అవి కొత్తవి మరియు ప్రత్యేకమైనవి అందరికీ మంచిదే  అందరూ వాడొచ్చు చెత్త ఫీచర్స్ తో రెడ్మి 3s సుమారు 7000 rs మరియు రెడ్మి 4 మంచి ఫీచర్స్ తో సుమారు 7000 ఉంది అప్పుడు చెత్త ఎందుకు తీసుకోవాలి,0
ఇది బడ్జెట్లో చాలా మంచి ఫోన్  ఇది ఉత్తమైన ఫోన్  అధిక నాణ్యత గల కెమెరా కలదు  అధిక నాణ్యత గల సౌండ్ ఉంది మరియు స్టైలిష్ లుక్ కూడా నాకు ఈ ఫోను చాలా ఇష్టం నేను ఈ ఫోన్ను 7 వ ఆగస్టు 2016 లో కొనుగోలు చేసాను కానీ ఈ ఫోన్తో ఏ సమస్యలు లేవు కానీ కెమెరా 5 సెకన్లు తర్వాత తెరుచుకుంటుంది ఎందుకంటే కెమెరా చాలా నెమ్మదిగా పనిచేస్తుంది అది తప్ప ఏ సమస్యలూ లేవు,1
ఇది చాలా అద్భుతమైన TV మా మొదటి TV చాల బాగుంది ఏమి ఇబ్బంది లేదు మంచిగా ఉంది డబ్బుకు తగ్గ విలువ అధిక పర్ఫొర్మన్సె నాణ్యత మరియు మంచి పిక్చర్ నాణ్యత మంచి సౌండ్ నాణ్యత చాలా బాగుంది  సర్విస్ మంచిగా ఉంది ఈ TVని ఉపయోగించడం ఎంతో ఆనందంగా ఉంది ఇప్పుడు ఎలక్ట్రానిక్ రంగంలో సామ్సంగ్ ledలే ఎక్కువగా ఉన్నాయి ఇది మంచిది మరియు డబ్బుకు తగ్గ విలువైనది,1
ఈ కెమెరా ఉపయోగించడానికి మంచిది కాదు దాని కెమెరా నాణ్యత మరియు పిక్చర్ నాణ్యత స్పష్టంగా లేవు నాకు ఈ కెమెరాని నచ్చలేదు నికోన్ కూల్పిక్స్ B700 డబ్బుకు తగ్గ విలువ లేదు నేను ఈ కెమెరాను అనేక పిక్చర్స్ తీయడం కోసం ఉపయోగించాను నేను యాత్ర కోసం వెళ్ళేటప్పుడు ఈ కెమెరాను పిక్చర్స్ క్లిక్ చేయడం కోసం తీసుకువెళ్తాను  కానీ నేను ఈ కెమెరా నాణ్యతో చాలా నిరాశ చేందాను పిక్చర్స్ బ్లర్గా వస్తున్నాయి మరియు స్పష్టంగా కనిపించటం లేదు దాని కెమెరా షట్టర్ చాలా నెమ్మదిగా ఉంది ఫాస్ట్గా పిక్చర్స్ క్లిక్ చేయడం అవ్వదు దాని కెమెరా లెన్సులు చాలా తీక్షణమైన లేదా స్పష్టమైనవి కావు ఈ కెమెరా బ్యాటరీ ప్రదర్శనలో కూడా చాలా నిరాశపరిచింది కొన్ని పిక్చర్స్ను క్లిక్ చేసిన తర్వాత డౌన్ అవుతుంది  సమస్యలు వస్తే నికోన్ సంరక్షణను సంప్రదించాను  కానీ ఎదుర్కొన్న సమస్యలను పరిష్కరించడానికి నాకు ఏవైనా మంచి పరిష్కారాలను అందించడం లేదు మొత్తంమీద కెమెరా పనితీరు మరియు నికోన్ సేవలతో నేను సంతృప్తి చెందలేదు ధన్యవాదాలు,0
నేను 43 ఇంచుల LG స్మార్ట్ led  3dTV ను కొనుగోలు చేసాను  LG TV యొక్క పనితీరు మంచిది  మేము ఏడాది లోపు రెండుసార్లు మరమత్తులు చేయించాము చాలా ఖరీదు మరియు సేవలు బాగోలేవు  గ్యారంటీ లేదు కస్టమర్కి సంతృప్తి లేదు LG TV సేవ బాగోలేవు,0
నేను గత మూడు సంవత్సరాలుగా సామ్సంగ్ LED 32 అంగుళాలది వాడుతున్నాను  ఇది నిజంగా అమేజింగ్ అనుభవం HD నాణ్యత కూడా సూపర్ మేము సంతృప్తి చెందినాము ఇప్పటివరకు ఏ సమస్య రాలేదు మార్కెట్ ధర సోనీ మరియు పానసోనిక్ తో పోలిస్తే  తక్కువే 4k లేదా 5 k తేడా అంతే సామ్సంగ్ LED TV అత్యుత్తమమైనది ఈ LED TVని ఉపయోగించుకోవడం చాలా ఆనందంగా ఉంది,1
ఇది చాలా మంచి కెమెరా కానీ దాని ధర చాలా ఎక్కువ అది చాలా ఖరీదైనది దాని ఫీచర్స్ చాలా ఉపయోగకరమైనవి దాని కెమెరా నాణ్యత చాలా మంచిది మరియు చాలా యూజర్ ఫ్రెండ్లీ కానీ దాని చిత్రం నాణ్యత చాలా బాగుంది  దాని షట్టర్ స్పీడ్ చాలా మంచిది ఇతర కెమెరాలా ఈ కెమెరాలో అదనపు ఫీచర్లను జోడించలేదు బ్యాటరీ జీవితం బానే ఉంది కానీ మరీ అంత కాదు,0
హలో హాయ్ ప్రియమైన స్నేహితులారా నా వ్యక్తిగత అనుభవం మీతో పంచుకుంటున్నాను  ఈ రికనెక్ట్ LED TV ప్రోడక్ట్ అస్సలు బాగోలేదు పిక్చర్ స్పష్టత మరియు సౌండ్ స్పష్టత అస్సలు బాగోలేవు చాలా చెత్త ప్రోడక్ట్ 3 నెలల క్రితం నేను ఈ TVని కొనుగోలు చేసాను ఈ TVతో పోల్చితే నా పాత TV ఉత్తమంగా ఉంది ప్రియమైన స్నేహితులారా నేను ఈ TVని అస్సలు సిఫార్సు చెయ్యను  ఇది నా అనుభవం తర్వాత మీ ఇష్టం,0
కొత్త రెడ్మి 4A అద్భుతమైన గేడ్జెట్  దాన్ని చూసినప్పుడు   చేతిలో పట్టుకున్నప్పుడు చాలా బాగా అనిపించింది మరియు ధర మధ్య తరగతి వాళ్ళకి అందుబాటులో ఉంది మరియు టచ్ స్క్రీన్ సెన్స్ మతిచెదిరిపోయేలా ఉంది ఈ రోజుల్లో గాడ్జెట్లు మన జీవితాల్లో ప్రధాన పాత్ర పోషిస్తున్నాయి  ఈ మొబైల్ యొక్క ముఖ్యమైన భాగం డిజైన్ ఇది చాలా స్లీక్గా మరియు స్టైలిష్గా ఉంది  గొప్ప ఫోన్ నిజంగా చాలా నచ్చింది మరియు డబ్బుకు తగినది,1
మంచి మొబైల్ గత 7 నెల నుండి ఈ ఫోన్ ను ఉపయోగిస్తున్నాను  గొప్ప డిస్ప్లే నాణ్యత  కానీ ఒక సమస్య ఉంది ఈ ఫోన్ను రూట్ చేయలేము ఒకవేళ చేయాలంటే జియోమి సర్వర్కు ఒక మెయిల్ పంపించాల్సి ఉంటుంది మరియు వాళ్ళ ప్రతిస్పందన కోసం వేచి ఉండాలి కానీ ఈ ఫోన్ ఉపయోగించడానికి చాలా మంచిది మరియు చాలా గొప్ప గేమింగ్ అనుభవాన్ని కలిగిస్తుంది రామ్ చాలా మంచిది లవ్ జియోమి,1
హలో ఫ్రెండ్ నేడు నేను వివో y 55s మొబైల్ ఫోన్ గురించి నా భావాలను వ్యక్తం చేస్తాను ఇది మార్కెట్లో 2 లేదా 3 నెలల ముందు ప్రారంభించబడింది  వివో మొబైల్ కంపెనీ చాలా మొబైల్ ఫోన్ను ప్రవేశపెట్టింది వాటి నుండి నేను వివో y 55s గురించి మీకు చెప్పాలనుకుంటున్నాను ముందుగా వీడియో కాలింగ్ లేదు ఇది లేకుండా మీరు వీడియో చాట్లో మాట్లాడలేరు మరియు ఈ ఫోన్లో రిమోట్ సెన్సార్ లేదు ఈ ఫోన్ అప్పుడప్పుడు స్పందించకుండా ఉండడం అన్నది లేదు  కానీ ఇతర చెత్త ఫీచర్స్ ఉన్నాయి ఈ ఫోన్లో I మేనేజర్ అనే అంతర్గత ఆప్ ఉంది దీనిలో గోప్యత ఎంపిక లేదు ఇది ఇతర వివో  ఫోన్లలో ఉంది కొన్ని ఇతర లోపాలు ఉన్నాయి కానీ ఫోన్ బాగుంది కస్టమర్ సేవ అద్భుతం వారు మీ ఫోన్ను 2 లేదా 3 రోజుల్లో రిపేరు చేస్తారు కానీ ఫోన్ ధర చాలా ఎక్కువ  ధన్యవాదాలు,0
హాయ్ గయ్స్ నేడు నేను మీతో నా సామ్సంగ్ గెలాక్సీ j2 2016 తో ఉన్న అనుభవం గురించి చెప్పాలనుకుంటున్నాను  ఈ ఫోన్ మంచిది మరియు సరసమైన ధర  సౌండ్ రిసెప్షన్ - చాలా బాగుంది హెడ్ఫోన్స్ లేకుండానే సౌండ్ స్పష్టంగా వినిపిస్తుంది  యూజర్ ఫ్రెండ్లీ -  ఈ ఫోన్ను ఉపయోగించిన తర్వాత నేను గ్రహించాను దీన్ని చాలా సులభంగా ఉపయోగించవచ్చు మరియు నిజంగా యూజర్ ఫ్రెండ్లీ అని  స్టైల్ మరియు డిజైన్ -  డిజైన్ గురించి చెప్పాల్సిన అవసరం లేదు మీరే చూడొచ్చు చాలా అద్భుతంగా ఉంది వెనుకవైపు డిజైన్ చాలా బాగుంది ఇతర ఫీచర్లు - ఈ స్మార్ట్ ఫోన్లో నాకు ఇష్టమైన ఫీచర్స్ ఒక వెనుక లైట్ ఇన్డికేటర్ మరియు ఏదైనా కాల్ లేదా మెసేజ్ వచ్చినప్పుడు వెలిగే దాని బ్లో లైట్ ఇది కూల్ ఫీచర్ మరియు ఇతర ఫీచర్లు మంచివే  లుక్ మరియు ఫీల్ -  ఇది చేతిలో చూడటానికి చాలా బాగుంది ఇది చాలా ఖరీదైన ఫోన్లా అనిపిస్తుంది ఈ ఫోన్ సైజు బాగుంది  డబ్బుకు తగ్గ విలువ - ఖరీదైనది కాదు మీ బడ్జెట్ 10000 rs అయితే ఈ ఫోన్ బెస్ట్ నేను ప్రతి ఒక్కరూ దానిని కొనుగోలు చేయాలనుకుంటున్నాను వారి బడ్జెట్ 10000 కన్నా తక్కువ ఉంటే ధన్యవాదాలు,1
నాకు నచ్చింది -1  ది స్నాప్డ్రాగన్ 650 ప్రాసెసర్ మరియు ఉదారంగా 3gb RAM చాలా సమర్ధవంతంగా రకరకాల పనులను నిర్వహిస్తుంది 2  4050 ఎమ్ఏహెచ్ బ్యాటరీ ఫోన్ను 18 గంటల కంటే ఎక్కువగా పనిచేసేలా చూస్తుంది 3  వెనుక వేలిముద్ర సెన్సార్ చాలా సౌకర్యవంతంగా మరియు వేగవంతంగా ఉంటుంది 4  MIUI చాలా యూజర్ ఫ్రెండ్లీ మరియు కస్టమైజెబల్ 5  ఎదురులేని ధర నాకు నచ్చనివి -1  వెనుక-మౌంటెడ్ స్పీకర్ ధ్వనిని కొంచెం ఆపెస్తుంది 2  స్క్రీన్ చుట్టూ స్పష్టంగా ఉన్న బోడర్ 3  కెమెరా ఊహించిన నాణ్యతను ఉత్పత్తి చేయదు,1
బడ్జెట్లో ఉన్న మంచి ప్రోడక్ట్ USB పోర్టులతో సహా మంచి స్క్రీన్ మరియు నాణ్యత కలిగి ఉంది మరియు మీరు అన్ని పరికరాలను దీనికి కనెక్ట్ చేయవచ్చు కానీ మీరు TVలో USB తో మ్యూజిక్ ప్లే చేసినప్పుడు సౌండ్ నాణ్యత బాగా లేదు  ఇది వైఫై ఎనేబుల్డ్ కూడా కాదు కానీ అయినప్పటికీ పరిమిత బడ్జెట్ లో చాలా మంచి ప్రోడక్ట్  చాలా గొప్పగా పని చేస్తుంది సౌండ్ నాణ్యత చాలా బాగుంది పూర్తి HD వీడియో సప్పోర్ట్ మీరు ఎక్కువగా ఆలోచించకండి తప్పక కొనుగోలు చేయండి రికనెక్ట్ చేయండి  మంచి విషయం ఏమిటంటే చిత్రం నాణ్యత చాలా బాగుంది మరియు ఇన్స్టల్లేషన్ 24 గంటలు లో పూర్తి అయ్యింది ప్రోడక్ట్ తో హ్యాపీ,1
రికనెక్ట్ అనేది కొత్త బ్రాండ్లలో ఒకటి  ఇది ఎలక్ట్రానిక్ ఉత్పత్తులను తయారుచేసే మార్కెట్లో అందుబాటులో ఉంది తక్కువ ధరతో నేను దాని గురించి నా వ్యక్తిగత అనుభవాన్ని పంచుకోవాలనుకుంటున్నాను నేను ఈ LED ని తక్కువ ధరకు కొనుగోలు చేసాను నేను కొంత డబ్బు ఆదా చేసుకోగలనని అనుకున్నాను కానీ నేను ధర చూసి మోసపోయాను ఈ LED లో పిక్చర్ నాణ్యత మంచిది కాదు మరియు సౌండ్ వ్యవస్థ కూడా చాలా చెత్తది  చెత్త వాయిస్ నాణ్యత మరియు చాలా తక్కువ వాయిస్ తో ఉంది  ప్రారంభించడానికి చాలా సమయం పడుతుంది మరియు పిక్చర్ చాలా తక్కువ ప్రకాశవంతంగా ఉంది 4 నెలల వరకు దీనిని ఉపయోగించిన తర్వాత నాకు కొంత ఇబ్బంది వచ్చింది మరియు నేను సేవ కేంద్రం వాళ్ళని పిలిచాను వారు ఈ LED రిపేర్కు 15 రోజులు తీసుకున్నారు మరియు వారు ఈ సేవ కోసం చాలా ఎక్కువ వసూలు చేశారు ఒక వారం తర్వాత ఇంటికి తిరిగి తీసుకువచ్చిన తర్వాత మళ్ళీ ఇబ్బంది పడ్డాను  నన్ను ఈ విషయం చాలా నిరాశపరిచింది నేను దీనిని ఉపయోగించడం నిలిపివేసాను  చాలా తక్కువ నాణ్యత మరియు చాలా చెత్త సర్వీస్ ఉంది అందుకే నేను ఈ ఉత్పత్తిని సిఫార్సు చేయను,0
నికాన్ D70 ఉత్తమ కంప్యూటరీకరణమైన కెమెరా  ఎవరైతే దాదాపు 60000 రూపాయలు కర్చు పెట్టడానికి చయారుగా ఉన్నారో వారికి ఈ కెమెరా ఉత్తమమైనది 1  30  000 పిక్సెల్ tft   అద్భుతమైన పూర్తి HD పిక్చర్స్ తీసుకోవచ్చు మరియు వీడియో రికార్డింగ్ బాగుంది  1080p వీడియో రికార్డింగ్ TV లో 4k వీడియో చూస్తున్న మాదిరిగానే ఉంది నమ్మశక్యంకాని షేడింగ్ నాణ్యత ఉత్తమ ఫోటోగ్రఫీ కెమెరా  లవ్యూ d70 D70 ఇన్ఫ్రారెడ్కు మార్చడానికి అతిసులువు అయిన కంప్యూటరీకరణ కెమెరాలలో ఒకటి ఒక మంచి స్టరేప్ వేస్తే మీ కెమెరా నాశనం అవ్వకుండా ఉంటుంది,1
సోనీ బ్రావియా kLV-40W56 మంచి ధరకి చాలా మంచి ప్రోడక్ట్  దీనిలో చాలా మంచి ఫీచర్లు ఉన్నాయి దాని పిక్చర్ నాణ్యత 1080p  ఇది కొంచం ఖరీదు ఎక్కువ కానీ మంచి ప్రోడక్ట్  దీనిలో అద్భుతమైన సౌండ్ మరియు పిక్చర్ నాణ్యత ఉన్నాయి మంచి పర్ఫొర్మన్సె  పూర్తి hd మద్దతు  చాల చిన్నది మరియు తక్కువ బరువు  గేరంటీ ప్రోడక్ట్  నేను అందరికి దీన్ని సిఫార్సు చేస్తాను సంస్థ ఇంచుమించు ప్రతి ప్రోడక్ట్కి వారంటీ ఇస్తుంది,1
ఈ ఫోన్ రిమోట్ లాగ ఉంది ఫోన్ లాగ లేదు ఇది 5 5 అంగుళాలు కానీ అది స్లిమ్గా లేదు దీని వెనుక కెమెరా 16 MP ఉంది కానీ కీ ప్యాడ్ మొబైల్ లాగా కనిపిస్తోంది 3 MP కెమెరా పూర్తిగా ఫ్లాప్ మొబైల్ మరియు ప్రాసెసర్ గురించి ఆక్టాకోర్ యుగంలో ఒక హెక్సా కోర్ ఎందుకు కొనుగోలు చేస్తారు   హెక్సాకి 6 కోర్ మరియు ఆక్టాకోర్కి 8 కోర్ ఉన్నాయి కాబట్టి ఇది కేవలం డబ్బు వృధా మాత్రమే,0
హాయ్ ఫ్రెండ్స్ నేను రికనెక్ట్ LCD TV గురించి చెబుతున్నాను  ఈ LCD నాణ్యత  పిక్చర్ నాణ్యత అస్సలు బాగోలేదు  స్క్రీన్ స్పష్టంగా లేదు మరియు డబ్బులు వేస్ట్ వీడియో నాణ్యత  సౌండ్ నాణ్యత బాగోలేదు మరియు కస్టమర్ సేవలు సరిగ్గా లేవు  నాలుగు నెలల నుంచి నేను ఈ LCD ని వాడుతున్నాను మీరు మాత్రం దీనిని కొనుగోలు చేయకండి,0
జియోమి రెడ్మి 4A మొబైల్ ఈ ధరకి చాలా అద్భుతంగా ఉంది  ఈ ఫోన్ను సుమారు ఒక నెల నుండి ఉపయోగిస్తున్నాను  ఈ ఫోన్ చాలా స్టైలిష్గా మరియు స్లిమ్గా ఉంది  HD డిస్ప్లయ్ ఉంది దానిలోనే సినిమాలు చూస్తాను  అద్భుతమైన బ్యాక్ మరియు ఫ్రంట్ కెమెరా ఉన్నాయి  సౌండ్ నాణ్యత అద్భుతంగా ఉంది  2gb ram తో hd  గేమ్స్ ఆడడం చాలా సులభం  దీని 13 మెగా పిక్సెల్ కెమెరా నాకు చాలా నచ్చింది మంచి బ్యాటరీ లైఫ్ ఉంది,1
ఈ ఫోన్ జియోమి నుండి ఉత్తమ ఫోన్  ఈ ఫోన్ గురించి అంతా నాకు బాగా నచ్చింది  ఇది చాలా మంచి ప్రాసెసర్తో శ్లీక్ డిజైన్ కలిగి ఉంది మరియు స్టోరేజ్ కూడా బాగుంది దీని యొక్క కెమెరా నాణ్యత అద్భుతంగా ఉంది వెనుక కెమెరా చాలా షార్ప్ చిత్రాలను షూట్ చేస్తుంది అయితే ముందు కెమెరా కూడా క్వాల్టీ చిత్రాలను గొప్ప మొత్తంలో కేప్చర్ చేస్తుంది  పగలు కెమెరా  చాలా అద్భుతంగా చిత్రాలను షూట్ చేస్తుంది కానీ రాత్రివేళ చిత్రాలు అంత స్పష్టంగా కేప్చర్ అవ్వటంలేదు అని నేను భావిస్తున్నాను కెమెరాలో అనేక మోడ్స్ ఉన్నాయి మీరు సులభంగా వాడడానికి ఏ మోడ్ అయినా ఉపయోగించవచ్చు బ్యాటరీ సామర్థ్యం కూడా చాలా బాగుంది  ఏ రకమైన ఆలస్యం లేకుండా రోజంతా రకరకాల పనులను చేయవచ్చు కానీ నాకు ఒక్కటే సమస్య ఉంది అదేంటి అంటే వారు sd కార్డుతో రెండు SIM లను అందించాలి మరియు హైబ్రిడ్  షాట్లు ఇవ్వడం ఆపాలి లేకుంటే ఇది చాలా అద్భుతమైన ఫోన్,1
నేడు నేను SONY LED గురించి సమీక్షిస్తున్నాను  ఇది TVలో అత్యుత్తమ సంస్థ ఇది పూర్తి HD led TV  సోనీ Led tvలో యూట్యూబ్ను ఉపయోగించడానికి నేను ల్యాండ్ లైన్ బ్రాడ్బ్యాండ్ ఇంటర్నెట్ కనెక్షన్ను ఉపయోగించాను  సోనీ TV లో HD చానెళ్ళు చూడటానికి చాలా  అద్భుతంగా ఉంటాయి  సోనీ TVకి Usb మరియు స్పీకర్లు కూడా కనెక్ట్ అవుతాయి ఇవి పూర్తి HD  4K అల్ట్రా HD  HD రెడీ LED TVలు సోనీ TV ధర జాబితా సోనీ TV యొక్క అత్యల్ప ధర  వివరణ  సమీక్షలు ఆన్లైన్ మరియు సమీపంలోని స్థానిక దుకాణాల నుండి ఉత్తమ ధర లో మంచి ఉత్పత్తులను కొనుగోలు చేయడానికి ఉపయోగపడుతుంది ఇతరులతో పోలిస్తే ఇది మంచి సంస్థ ఇవి నా సమీక్ష వివరాలు,1
నికోన్ D70 నా దగ్గర ఉన్న రెండవ ఉత్తమ కెమెరా నాకు నా D70 అంటే చాలా ఇష్టం డిసెంబర్ 2005 లో నా D200 కొన్నాను ఇది కొత్తది  ఖరీదైనది  పెద్దది   బరువుగా ఉంది మరియు ఉపయోగించడం మరింత సులభం  అందుచే ముందు నాకు D200 అంటే ఇష్టం తర్వాత d70 అంటే ఇష్టం మీరు అధునాతన కెమెరా కావాలంటే D70 ఇప్పటికీ నా అగ్ర సూచన మరియు ధర పరిమాణం బరువు మరియు బ్యాటరీ జీవితం గురించి ఆందోళన చెందుతున్నారు D70కి చాలా ఎక్కువ బ్యాటరీ లైఫ్ ఉంది,1
చాలా పూర్ స్పష్టత స్లిమ్ కూడా బాగోలేదు పూర్తిగా LCD TV టెక్నాలజీ ప్రధాన విషయం వీక్షంచే కోణం  సౌండ్ స్పష్టత  ఆపరేటింగ్ సిస్టమ్  పట్టిక రకం  ఇంటర్నెట్ ఉపయోగం  YouTube ఓప్షన్ ఏదీ బాలేదు అధిక వ్యయం మేజిక్ మోషన్ రిమోట్ బ్యాటరీ ధర 2500 నుండి 3000 రూపాయలు ఒక నెల లేదా రెండు నెలలే బ్యాటరీ నడుస్తుంది రిమోట్ సెన్సార్ బాగోలేదు  TV ధర చాలా ఎక్కువగా ఉంది ఫ్రెండ్స్ నేను ఈ TV ను కొనుగోలు చేశాను నేను చాలా అసంతృప్తిగా ఉన్నాను సేవలు కూడా బాగోలేవు ఇన్స్టలేషన్కి 2500 నుంచి 3000 చార్జీలు మరియు డెలివరీ ఛార్జీలు కూడా 260 రూపాయలు  ఫ్రెండ్స్ నేను చాలా అసంతృప్తిగా ఉన్నాను,0
హలో ఫ్రెండ్స్ నేడు  నేను నా అనుభవాన్ని పంచుకుంటాను సామ్సంగ్ గెలాక్సీ J2-6 గురించి 2016 ఎడిషన్  మరియు మంచి కంపెనీ ఫోన్లలో సామ్సంగ్ ఫోన్లు ఒకటి ఇది చాలా ప్రసిద్ధ సంస్థ  దీని ఉత్పత్తులు మంచి నాణ్యత మరియు మన్నికైనవి నేను సామ్సంగ్ గెలాక్సీ J2-6  2016 ఎడిషన్  కొనుగోలు చేసినప్పుడు నేను ఏ సమీక్షలను చూడలేదు కేవలం దుకాణంలోకి వెళ్లి చూడటానికి అద్భుతంగా ఉన్న ఈ మంచి  ఫోన్ను కొనుగోలు చేసాను  1 సంవత్సరం తరువాత కూడూ ఇది అద్భుతంగా పని చేస్తోంది అందువల్ల నేను మీ అందరికి ఈ ఫోన్ని ఒక్కసారి చూడమని సలహా ఇస్తాను,1
'సామ్సంగ్' నా కుటుంబం మరియు స్నేహితుల కోసం నంబర్ 1  నేను కొన్ని సంవత్సరాలు నుండి సామ్సంగ్ ఉత్పత్తులను వాడుతున్నాను మరియు ఎప్పుడూ ఏసమస్య రాలేదు  నా ఫోన్ మరియు నా భార్య యొక్క ఫోన్ మరియు ఇతర కుటుంబ సభ్యుల ఫోన్లు కొత్త వాటిలా పనిచేస్తాయి మా TV  ఫ్రిజ్ మరియు ఇతర సామ్సంగ్ ఉత్పత్తులు 2 లేదా 3 సంవత్సరాల పాతవి అయినా కొత్త వాటిలా పని చేస్తాయి  మా ఇంటిలోని  ఉత్పత్తుల యొక్క సెర్విస్ కు ఏసమస్య లేదు మంచి సేవ  మంచి ఉత్పత్తులు  సామ్సంగ్ ఉత్తమమైనది,1
నేను నికాన్ D70 DSLR దాని పిక్చర్ నాణ్యతకు ఉత్తమం అని తెలిసింది ఎక్కడైన మరియు ఎప్పుడైనా D70 తో స్నాప్ తీసుకుంటే అద్భుతమైన పిక్చర్స్ వస్తున్నాయి  D70 చాలా యూజర్ ఫ్రెండ్లీ DSLR కెమెరా మీరు దానిని వాడటం చాలా సులభం  ఇది కొనదగినది ఎందుకంటే మీరు చెల్లించబోయే ధర డబ్బుకు తగ్గ విలువ మీరు కొనుగోలు తర్వాత పశ్చాత్తాపం చెందరు  అదనపు D70 షట్టర్ వేగం మరింత నాణ్యత ఆధారిత DSLR లను చేస్తుంది మరియు మీరు బ్యాటరీ గురించి చింతించక్కర్లేదు దీర్ఘకాల బ్యాటరీ జీవితాన్ని కలిగి ఉండటం,1
ఈ ప్రోడక్ట్ లోని సౌండ్ నాణ్యత  పిక్చర్ నాణ్యతతో చూస్తే ఏ ఇతర TV దీనితో పోటీ చేయలేదు 2 సంవత్సరాల పాతవి అయినా కొత్త వాటిలా పని చేస్తాయి మరియు ఏసమస్య రాలేదు  నేను అందరికి దీన్ని సిఫార్సు చేస్తాను  కొత్త LED TV కొనాలంటే సందేహం లేకుండా ఇదే ఉత్తమ ఎంపిక,1
నేను ఇటీవల హెడ్ఫోన్లను కొనుగోలు చేయడానికి నా సమీప CROMA షోరూమ్ను సందర్శించాను మరియు నేను ఈ అందంగా ఉన్నదాన్ని చూస్తూ ఉండిపోయాను మరియు తెలీకుండానే నేను దాని వైపు ఆకర్షింపబడ్డాను  ప్రకృతి ఫొటోలు మరియు మన పర్సనల్ ఫొటోలకు ఉపయోగించవచ్చు  ధర తక్కువ  యూజర్ ఫ్రెండ్లీగా ఉంటుంది   సుదీర్ఘ బ్యాటరీ లైఫ్  మంచి జూమ్ మరియు మంచి నాణ్యమైన లెన్స్,1
ఈ మధ్య అందరి ఇంట్లో tvలు ఉంటున్నాయి మరియు పిల్లలు కూడా tv చూస్తున్నారు  టెలివిజన్ చూడటం వల్ల ఉపయోగం ఏంటంటే న్యూస్ ఛానెల్స్ ద్వారా తాజా వార్తలను తెలుసుకోవడం మరియు నష్టాలు ఏంటంటే మనము చాలా సమయం TV సెట్లు ముందు కూర్చొని సమయం చాలా వ్యర్థం చూస్తున్నాము,1
హలో ఫ్రెండ్స్ ఈ రోజు నేను ఒక కోర్యో lcd tvని సమీక్షిస్తున్నాను  కోర్యోటైప్ lcd tv అంత మంచిగానూ లేదు అలా అని  అంత చెత్తగానూ లేదు ఇది సగటు LCD TV  సగటు నాణ్యత  డబ్బుకు తగ్గ విలువ లేదు అని అనుకుంటున్నాను  ఈ TVని కొనుగోలు చేయాలనుకుంటే ముందుగా అన్ని సమాచారాల్ని తనిఖీ చేయండి మరియు కొనుగోలు కంటే ముందు tv పరిస్థితి చూసుకోండి మరియు వారంటీ కూడా చాలా బ్రాండ్లు భారతదేశం లేదా ప్రపంచంలో అందుబాటులో ఉన్నాయి  కాబట్టి ఇతర బ్రాండ్లు ప్రయత్నించవచ్చు కోర్యో lcd TVలు నమ్మదగినవి కాబట్టి మీ కోరిక మీద కొనుగోలు చెయ్యండి,0
కానన్ కు భారతదేశంలో DSLR మార్కెట్లో చాలా బలమైన స్థానం ఉన్నప్పటికీ  కానన్ ఇంకా కేటాయించని ఖాళీలు ఉన్నాయి - అల్ట్రా-బడ్జెట్ DSLR సెగ్మెంట్ లో కానీ EOS కట్-షార్ట్ బడ్జెట్ కెమెరా కంటే ఎక్కువగా అనిపిస్తుంది  ఒకసారి చూస్తే దాని నిర్మాణం దాని పెద్ద సోదరుడు 126 x 98 x 62 mm వద్ద EOS 450D వలెనే ఉంటుంది  కేవలం 502 g ల బరువుతో  ఇది ఖచ్చితంగా ఈ తేదీ వరకు పరీక్షించిన తేలికైన DSLR కెమెరా  తేలికైన DSLR లు హార్డ్కోర్ ఔత్సాహికులకు పెద్ద విషయం కాదు కానీ ఒక పెద్ద కెమెరా బ్యాగ్ లేని ఒక అనుభవశూన్యుడు లేదా సాధారణం యూజర్ కోసం  ఇది ఒక గొప్ప ఆస్తి దురదృష్టవశాత్తూ తక్కువ బరువు ఎక్కువ ధర వద్ద వస్తుంది కెమెరా యొక్క శరీరం పూర్తిగా బ్లాండ్  మత్-పీస్ ప్లాస్టిక్ తో ఉంది ఇది అందమైన రూపాన్ని ఇస్తుంది అంతేకాకుండా  హ్యాండ్గ్రిప్ కు కూడా అధిక రాపిడి రబ్బరు కోటింగ్ లేదు దీనివల్ల గంటలు గంటలు ఉపయోగించడానికి కెమెరా సులభంగా ఇంటుంది  ఇప్పుడు అది కూడా పెద్ద సమస్య కాదు పట్టుకోసం కొంచం పెద్ద లేదా  వేళ్ళు సరిపోయేలా ఒక సరైన ఆకృతి ఉంటే  నేను ఇక్కడ బాహాటంగా కఠినంగా అనిపించచ్చు కానీ ముఖ్యంగా పెద్ద చేతులతో కెమెరా వినియోగించడం వల్ల నేను చాలా సేపు వాడకం పై నా కంఫర్ట్ని చూసుకుంటాను,0
దాని ఫీచర్లు చూసి నేను ఈ ఫోన్ను అధికారిక సైట్ నుండి ఆర్డర్ చేసాను కానీ నేను ఉపయోగించడం ప్రారంభించినప్పుడు నా ఉత్సాహం అంతా తప్పు అని నాకు తెలుసు ఉపయోగించిన తర్వాత ఇది చాలా వేడెక్కి పోతోంది   నేను దానిని ఉపయోగించిన తర్వాత నా జేబులో పెట్టుకోలేక పోతున్నాను నేను దీనిని ఎవరికీ సిఫార్సు చెయ్యను,0
సామ్సంగ్ భారతదేశం లో ఎవ్వరైనా సులభంగా విశ్వసించగల ఏకైక సంస్థ  ఈ TVకి అద్భుతమైన శైలి ఉంది మరియు led డిస్ప్లయ్ తో ఒక అద్భుతమైన స్క్రీన్ ఉంది ఇది సంవత్సరం వారంటీని కలిగి ఉంది మరియు సులభంగా విరగని హార్డ్ స్క్రీన్ కలిగి ఉంటుంది సామ్సంగ్ కంపెనీ చాలా అద్భుతమైన ఉత్పత్తులను సరఫరా చేస్తుంది  సామ్సంగ్ నుండి వచ్చే ప్రతి ప్రోడక్ట్ భారతీయులకు బాగా తెలుసు సామ్సంగ్ కంపెనీ నుండి వచ్చిన అన్ని ఉత్పత్తులను సులువుగా నమ్మొచ్చు మరియు ఈ ఉత్పత్తులు అద్భుతమైనవి అని బాగా తెలుసు కాబట్టి నేను సామ్సంగ్ లెడ్ టీవి అత్యుత్తమైనది అని సిఫార్సు చేస్తాను ధన్యవాదాలు,1
హే గైస్ నేను మరో ఉత్తేజకరమైన  నిజాయితీగా మరియు నిష్పాక్షికమైన సమీక్షతో తిరిగి వచ్చాను ఈసారి నా సమీక్ష మంచి కానన్ డిజిటల్ కెమెరా ఆధారంగా ఉంటుంది  ఇది ప్రపంచవ్యాప్తంగా అత్యంత ప్రసిద్ధ బ్రాండ్లలో ఒకటి నేను 2 నెలల క్రితం ఈ ఉత్పత్తిని కొనుగోలు చేసాను ఉత్పత్తి సంఖ్య  Cn - 66784 తో మరియు అది కొన్ని వారాల పాటు గొప్పగా పనిచేసింది దాని తరువాత నేను భారీ సమస్యలను ఎదుర్కొన్నాను ఫ్లాషింగ్ సమస్యలు షట్టర్ సరిగ్గా పని చేయలేదు మరియు ఇటువంటివి చాలా  నేను పిక్చర్ నాణ్యత తగ్గిపోవడం కూడా గమనించాను ఇది చాలా నిరాశపరిచింది  అందువలన  నేను ఒక ఫిర్యాదు లాగిన్ చేసాను సంస్థకు రుజువుతో నా సమస్యలను చూపించాను  కానీ ఏ స్పందన రాలేదు  ఏ విశ్వసనీయత లేదు  నా ఫిర్యాదు తర్వాత ఒక వారం తర్వాత  నాకు ఇ-మెయిల్ వచ్చింది నా సూచన సంఖ్య  rt9876  తో దయచేసి మా సేవా కేంద్రానికి దానిని తీసుకురండి మరియు దాన్ని రిపేరు చేయడానికి మేము ఉత్తమంగా ప్రయత్నిస్తాము అని అందులో ఉంది ఏదో కుంచం బాగుంది అనిపించింది  ఇది ఒక గొప్ప ప్రోడక్ట్  మరింత విశ్వసనీయంగా ఉండి ఉంటే ఇంకా బాగుండేది ఇప్పుడు  నేను పేలవమైన ప్రదర్శన మరియు తక్కువ విశ్వసనీయత కోసం 2 నక్షత్రాలను ఇస్తున్నాను,0
సౌండ్ నాణ్యత బాగోలేదు  సాధారణ స్పీకర్లు  వీడియో నాణ్యత చాలా బాగుంది కాని ప్రధాన హార్డ్వేర్ మంచిది కాదు ఇతర LEDల్లా ఎక్కువగా విద్యుత్ వినియోగం లేదు  సేవలు కూడా సగటుగా ఉన్నాయి కాబట్టి సామ్సంగ్ దాని సేవలను మెరుగుపరచాలి మరియు మంచి స్టాడర్డ్ LED స్పీకర్లు అవసరం,0
ఇటీవల నా సోదరుడు ఈ సోనీ బ్రావియా LED కొనుగోలు చేసాడు  ఇది నిజంగా సోనీ నుండి ఒక అద్భుతమైన ప్రోడక్ట్ క్రిస్టల్ క్లియర్ స్పష్టతతో మరియు అంతరభాగంగా నిర్మిచబడిన వూఫర్ తో అద్భుతమైన ఆడియో నాణ్యత  HD చానెల్స్  వీడియోలు మరియు యూట్యూబ్ దీనిలో అద్భుతం  అధిక రిజల్యూషన్ తో వీడియో నాణ్యత లో సోనీని మించింది లేదు ఈ LEDకి నిజంగా డబ్బుకు తగ్గ విలువ ఉంది నేను ఈ ఉత్పత్తుల ఎంపికతో సంతోషంగా ఉన్నాను మరియు ప్రతిఒక్కరికీ ఇదే సిఫార్సు చేస్తున్నాను  గైయ్స్ దీనికే వెళ్ళండి,1
సామ్సంగ్ ఒక ప్రపంచ ఉనికిని కలిగిన దక్షిణ ఖొరియెన్ ఎలక్ట్రానిక్స్ మరియు హోమ్ ఉపకరణాల తయారీదారు ముఖ్యంగా సామ్సంగ్ tv's  హోమ్ ఎంటర్టైన్మెంట్లో ఉత్తమ అమ్మకదారులు వారు అందించే 4k నాణ్యతకు   3D టెక్నాలజీకు మరియు స్మార్ట్ TV ఫీచర్లకు నిజమైన ధన్యవాదాలు  ఇవి మంచి ఫీచర్లతో అత్యంత విక్రయించబడే ఉత్పత్తులు  వీడియో నాణ్యత కూడా పూర్తి HD డిస్ప్లయ్ తో చాలా బాగుంది నేను ప్రతి ఒక్కరిని ఇది కొనుగోలు చేయమని సిఫార్సు చేస్తాను,1
నేను రెడ్మి నోట్ 4 గురించి తెలుసుకున్నప్పుడు ఇది బడ్జెట్ లో వస్తుంది అని చెప్పడం చాలా ముఖ్యం అనిపించింది  దీనికి ప్రజలను ఆకర్షించే స్టైలిష్ లుక్ ఉంది  ఇది సెల్ఫీ కోసం చాలా మంచిది  ఒక్కసారి ఈ ఫోన్ని కొని నీకు నువ్వే చూసుకో ఇది మధ్యతరగతికి మంచిది ఎందుకంటే 4 GB ram ఉంది మరియు బడ్జెట్ లో వస్తోంది,1
పిక్చర్ నాణ్యత - AF-S లెన్స్ తో ఈ ప్రోడక్ట్ యొక్క ఆటో ఫోకస్ లెన్స్ బాగున్నాయి దాని క్రొమేటిక్ ఎబిర్రెషన్ విస్తృత కోణంలో చాలా ఎక్కువగా ఉంటుంది  కెమెరా లో కెమెరా సవరణ ఫీచర్ కూడా ఉంది పాయింట్ అండ్ షూట్ తాలూకు ఎరుపు కన్ను తగ్గింపు వంటివి క్రాప్ D- లైటింగ్ మొదలైనవి యూజర్ ఫ్రెండ్లి - దీనికి పోటీయే లేదు  నికాన్ D40 యొక్క పనితీరు చాలా బాగుండడం వల్ల ఈ ప్రోడక్ట్ వాడడంచాలా సులభం కన్ట్రోల్ లేఅవుట్లు ఉపయోగించడానికి సులభంగా ఉన్నాయి డబ్బుకు తగ్గ విలువ- ప్రోడక్ట్ చిన్నది  అధిక నాణ్యత డిజిటల్ కెమెరా  తేలిక మరియు వినియోగదారులకు అవసరం అయినటువంటి ప్రతిదీ ఇస్తుంది షట్టర్ స్పీడ్ - నికాన్ D40 యొక్క షట్టర్ వేగం 1 / 4000-30 సెకన్లు వారు ఫోకస్ సెలెక్షన్ పాయింట్ యొక్క సంఖ్యను 5 నుండి 3 వరకు తగ్గించారు బ్యాటరీ లైఫ్ - కస్టమ్ lion  బ్యాటరీ ప్యాక్ తో మంచి బ్యాటరీ లైఫ్,1
కోర్యో ఒక చెత్త TV నేను 3 సంవత్సరాల క్రితం కొనుగోలు చేసాను మరియు అనేక సమస్యలు ఉన్నాయి డిస్ప్లయ్ ఫన్క్షన్స్ లో మరియు ప్రధాన సమస్య స్పీకర్  డిస్ప్లయ్ లో  స్పష్టత మరియు స్ఫుటత లేవు  వాళ్ళు చెప్పింది 720 p కాని ఇచ్చింది 480 p రెసల్యూషన్ చెత్తగా ఉంది మరియు స్పీకర్లు మంచివి కావు ఇది వాస్తవానికి బాహ్య స్పీకర్కు మద్దతు ఇవ్వదు నేను rs 5000 తో జెబ్రోనిక్ స్పీకర్లు కొనుగోలు చేసి TV స్లాట్కు కనెక్ట్ చేసినా అది పని చేయలేదు  ఓఎల్ఎక్స్ లో స్పీకర్లను అమ్మవలసి వచ్చింది  అంతర్గత సౌండ్ రిసెప్షన్ చెత్తగా ఉంది సేవ మరియు మద్దతు చెత్తగా ఉన్నాయి మరియు డబ్బుకు తగ్గ విలువ కాదు  నిజాయితీయైన సమీక్ష ఇచ్చాను మరియు ఇది HDMI usb అవుట్ వంటి ఏ విధులను కలిగి లేదు ఒక పాత మోడల్ TV,0
హాయ్ ఫ్రెండ్స్ నేను రికనెక్ట్ LED TVని కొనుగోలు చేసాను కానీ చాలా చెత్త వీడియో మరియు సౌండ్ నాణ్యత  చాలా తక్కువ  కస్టమర్ సేవలు  డబ్బులు వేస్ట్  TVని అన్ని కోణాల నుండి చూడడానికి బాగోలేదు  ప్రధాన విషయం సౌండ్ నాణ్యత కానీ అదే బాగోలేదు మరియు ఇన్స్టలేషన్ కూడా బాగోలేదు HDMI కేబుల్ USB 2 0 లో పని చేయట్లేదు  3 0 వెర్షన్ 2G లో పని చేయట్లేదు USBతో 3G ఫైల్లు పని చేయట్లేదు  డల్ వీడియో నాణ్యత  నేను దానిని కొనుగోలు చేసాను కానీ చాలా అసంతృప్తితో ఉన్నాను ఫ్రెండ్స్ మరియు కోంపొనెన్ట్ కేబుల్ కూడా పని చేయట్లేదు సరౌన్డిగ్ సౌండ్ నాణ్యత అస్సలు బాగోలేదు ఫ్రెండ్స్,0
నేను ఈ వివో y55s స్మార్ట్ఫోన్ను సమీక్షిస్తున్నాను ఈ స్మార్ట్ఫోన్ చాలా చెత్త వివో ఫోన్ ఇది చెత్త స్మార్ట్ఫోన్ కానీ ఒక విషయం వివో y55s లో చాలా అద్భుతమైన కెమెరా ఉంది ఫ్రంట్ కెమెరా తో అందమైన సెల్ఫీలు వస్తాయి మరియు వెనుక కెమెరాలో చాలా మంచి ఆటో ఫోకస్ ఉంది స్మార్ట్ఫోన్లో నెట్వర్క్ 2g  3G మరియు 4g నెట్వర్క్ స్పాట్ ఉన్నాయి  వివో భారతదేశంలో కొత్త బ్రాండ్ చాలా తక్కువ వివో కస్టమర్ కేర్ కేంద్రాలు ఉన్నాయి  భారతదేశంలోని చిన్న పట్టణాలలో మరియు గ్రామాల్లోని కస్టమర్ కేర్ సెంటర్లు లేవు ధన్యవాదాలు,0
హలో ఫ్రెండ్స్ ఈ రోజు నేను సామ్సంగ్ గెలాక్సీ j2 6 గురించి మాట్లాడుతున్నాను ఇది కూడా ఒక కొత్త చెత్త  ప్రోడక్ట్ కేవలం j2 పాత ఎడిసన్ లాగా ఎందుకంటే ఇది ఎల్లప్పుడూ హాంగ్ అయిపోతుంది దీని కెమెరా కూడా బాలేదు రెడ్మి 3s ప్రైమ్ దాని కంటే చాలా బాగా ఉంది నాకు ఈ ఫోన్ నచ్చలేదు నేను ఈ ఉత్పత్తిని కొనుగోలు చెయ్యవద్దు అని సూచిస్తున్నాను,0
జియోమి నుండి రెడ్మి 4a చౌకైన మధ్యస్థాయి హ్యాండ్ సెట్ ఇది ప్రదర్శనలో కూడా చౌకగా ఉంది ఫోన్లో 5 0 అంగుళాల డిస్ప్లే ఉంది కానీ కేవలం 720p తక్కువ రిజల్యూషన్ తో పూర్తి HD కాదు  ఈ డిస్ప్లే లో వివరాలు మరియు స్పష్టత తీక్షణమైనవి కావు కేవలం సగటుగా ఉన్నాయి ఫోన్ తక్కువ ప్రదర్శన ప్రాసెసర్ స్నాప్డ్రాగన్ 425  పై ఆధారితమైనది ఇదే తక్కువ పనితీరు మరియు వేగం యొక్క కారణం ఇది 2gb రామ్ కలిగి ఉంది ఉన్నప్పటికీ అనువర్తనాలు మరియు గేమ్స్ నెమ్మదిగా పనిచేస్తాయి  ఈ ఫోన్లో భారీగా వేడెక్కే సమస్య ఉంది 30 నిముషాలు ఉపయోగించిన తర్వాత  అది తీవ్రస్థాయిలో వేడెక్కడం మొదలవుతుంది మరియు హఠాత్తుగా సరిగా పనిచేయదు కెమెరా కూడా సరాసరి  అద్భుతమైన షాట్లను తియ్యదు మీరు డబ్బు కోల్పోకూడదనుకుంటే  దీనిని కొనుగోలు చేయవద్దు,0
"జపాన్ దిగ్గజం పానాసోనిక్ రెండు సరికొత్త మొబైల్స్ ను ఇండియన్ మార్కెట్లో లాంచ్ చేసింది. ఎల్యూగా రే 500, ఎల్యూగా రే 700 పేర్లతో వచ్చిన ఈ స్మార్ట్‌ఫోన్లు యూజర్లను ఆకట్టుకునేలా రూపొందించారు",1
హలో ఫ్రెండ్స్ నేను ఈ కోరియో LCD టెలివిజన్ గురించి నా అనుభవం మీతో పంచుకుంటాను మేము 2 నెలల క్రితం ఈ కోరియో LCD TV ను కొనుగోలు చేసాము మొదలు నుండి నేను ఈ టీవీని ఇష్టపడటం లేదు అని మా అమ్మకి చెప్పాను   కొనుగోలు చేయవద్దు అని మా అమ్మకి చెప్పాను కానీ అమ్మ చెప్పింది అది మంచి టీవీ అని ఎవరో చెప్పారని ఆ కారణంగానే ఆమె కొనుగోలు చేసింది ఈ టెలివిజన్ కొనుగోలు చేసిన తర్వాత నేను ఎంతో నిరాశ చెందాను వీడియోలు నాణ్యత చెత్తగా ఉంది  పిక్చర్ నాణ్యత 720p అని చూపిస్తుంది కానీ ఇది 480p మాత్రమే ఇస్తుంది ధ్వని రిసెప్షన్ చాలా చెత్తగా ఉంది కాబట్టి మంచి శబ్దం కోసం బాహ్య స్పీకర్లను ఉపయోగిస్తున్నాము మరియు ఈ TV యొక్క రిమోట్ చెత్త ప్లాస్టిక్తో తయారు చేయబడింది సులభంగా విరిగిపోతుంది  ఇది విలువైన ప్రోడక్ట్ కాదు మా డబ్బు వృథా సేవ మరియు మద్దతు కూడా చెత్తగా ఉన్నాయి ఈ నకిలీ బ్రాండ్నుండి మీరు దూరంగా ఉండండని నేను గట్టిగా సిఫార్సు చేస్తాను వేరే ఇంకేదైనా కొనుగోలు చేయమని నేను సిఫార్సు చేస్తాను ధన్యవాదములు,0
హలో ఫ్రెండ్స్ నా పేరు భారత్ శర్మ నేను మీకు చెప్పాలనుకుంటున్నాను  వివో y55 ల మొబైల్ను అస్సలు తీసుకోకండి ఎందుకంటే నెట్వర్కింగ్ సామర్థ్యాలు చాలా నెమ్మదిగా ఉన్నాయి దీని ప్రాసెస్ కూడా నెమ్మదిగా ఉంది అవును దీని సెల్ఫీ కెమెరా మంచిది కానీ వెనుక కెమెరా చాలా వ్యర్ధం నా భాషలో చెప్పాలంటే ఈ ఫోన్ చెత్తగా ఉంది నేను 3 నెలలు ఈ ఫోన్ను ఉపయోగించాను ఒక సెల్ ఫోన్ వాడిన సరదా రాలేదు ఈ ఫోన్ యొక్క టచ్ కూడా కొన్నిసార్లు నెమ్మదిగా ఉంది ఈ ఫోన్ నాకు చాలా బోరింగ్ అనిపించింది నేను మళ్ళీ మీకు చెప్తున్నాను ఈ ఫోన్ తీసుకోవద్దు  ఈ ఫోన్ చూడటానికి మాత్రమే బాగుంది వాడటానికి కాదు దయచేసి ఎక్కువకాలం ఈ ఫోన్ని వాడవద్దు బ్యాటరీ ఎక్కువ పనిచేయదు ఇది తొందరగా ఛార్జ్ కూడా చెయ్యదు దయచేసి ఈ ఫోన్ తీసుకోవద్దు,0
సామ్సంగ్ గెలాక్సీ j2-6 ఫోన్ ప్రపంచంలోని అత్యంత ఘోరమైన ఫోన్ దాని ప్రాసెసింగ్ వ్యవస్థ చాలా పేలవంగా ఉంది చాలా తక్కువ నాణ్యత గల ఫోన్ బ్యాటరీ బ్యాకప్  తక్కువ రామ్  తక్కువ ROM  తక్కువ నాణ్యత కెమెరా అన్నీ చెత్త నాణ్యతవే  అందుకే సామ్సంగ్  గెలాక్సీ j2-6 అన్నా ఇక ఏ ఇతర సామ్సంగ్ ఫోన్స్ అన్నా నాక చిరాకు,0
హాయ్ ఫ్రెండ్స్ నా పేరు అంకుష్  ఈరోజు నేను ఈ టెలివిజన్కు సంబంధించి నా అభిప్రాయాన్ని వ్యక్తం చేస్తాను ఈ టెలివిజన్ పాత తరం కోసం తగినది మరియు ఈ TV కి నేడు ఎటువంటి ప్రాముఖ్యత లేదు కానీ ఇప్పుడు led ప్రజాదరణ పొందింది  నేను ఈ టెలివిజన్ను ఇష్టపడని కారణం ఇది పాత తరంది దీనిలో ముఖ్యమైన HD నాణ్యత లేదు  అందువల్ల నేను ఈ టెలివిజన్ రకంని అసహ్యించుకున్నాను కాబట్టి ఇప్పుడు ఈ టెలివిజన్ ప్రస్తుత తరానికి మరియు భవిష్యత్ తరానికి కూడా పనికిరాదు  ఈ రకమైన టెలివిజన్లో తక్కువ సౌండ్ మరియు తక్కువస్థాయి స్పీకర్లు ఉన్నాయి  అందువల్ల ఈ టెలివిజన్ పూర్తిగా మాకు అనుచితమైనది ధన్యవాదాలు దీనిని రేట్ చేయండి  రేట్ చేయండి చాలా అవసరం దానికి నేను కృతజ్ఞుడిగా ఉంటాను,0
ఈ నికాన్ D80 కెమెరాను పొందాను ఇది సెన్సార్ నిర్ణయం వంటి విభిన్న భాగాలు కలిగి ఉంది 10 2 మెగాపిక్సెల్స్ CCD ఆప్టికల్ సెన్సార్ ఆప్టికల్ సెన్సార్ సైజు 15 8 x 23 6 మిమీ వీక్షణ కొలత క్షేత్రం 1 పిక్చర్ రికార్డు అయితే ఇది కేవలం పత్రాలపై ఉంది  కస్టమర్లను ఆకర్షించడానికి వారు కెమెరా యొక్క అనేక భాగాలను ప్రదర్శిస్తారు  అలా చూసే నేనూ దాన్ని కొన్నాను దానిని ఉపయోగించినప్పుడు నేను చూసాను జూమ్ హైలైట్ సరిగా పని చేయట్లేదు తీక్షణమైన ఇమేజింగ్ టెక్నిక్ తో సమస్యలు ఇటువంటి వివిధ సమస్యలను ఎదుర్కొన్నాను  దీనిని అర్థం చేసుకోవడం సులభం కాదు  అందువల్ల వారు వినియోగదారులకు అర్థం చేసుకోవడానికి సులభంగా ఉండేలా తయారు చేయాలని నేను అనుకుంటున్నాను!,0
ఈ ఫోన్ మంచిదే కాని ఇది రెడ్మి ఫోన్ అంత లాగా కాదు ఖర్చు తక్కువే కానీ దాని పనితీరు కూడా తక్కువగా ఉంది  మంచి ఫోన్ లేదా సంతృప్తికరమైనది కాదు ఇది తరచుగా హేగ్ అయిపోతూ ఉంటుంది మరియు కెమెరా కూడా అంచనా స్థాయి వరకు లేదు  స్క్రీన్ చాలా బాగుంది కానీ హేగ్ అయిపోతూ ఉండడం వల్ల నెమ్మది అయిపోతుంది దాని జీవితం సమయం కూడా తగ్గుతుంది మరియు చాలా కాలం పాటు రాదు  అన్ని సమస్యలు ఒక్కసారే వచ్చనప్పుడు చిరాకు వస్తుంది,1
పిక్చర్ నాణ్యత అస్సలు బాగోలేదు మరియు ఈ కెమెరాను ఉపయోగించడం కష్టం మరియు ధర చాలా ఎక్కువగా ఉంది ఇది మధ్యతరగతి ప్రజలకు చాలా పెద్ద మొత్తం షట్టర్ వేగం కూడా చాలా నెమ్మదిగా ఉంది బ్యాటరీ జీవితం బాగోలేదు  బ్యాటరీ బ్యాకప్ చాలా తక్కువగా ఉంది కొన్నిసార్లు నా మనస్సులో నేను ఈ ప్రోడక్ట్ని ఎందుకు కొనుగోలు చేసాను అని అనుకుంటున్నాను కనుక ఇది మంచి ప్రోడక్ట్ కాదు అని నేను చెప్పగలను,0
హలో గైస్ ఈ కెమెరా పిక్చర్ నాణ్యత ఖచ్చితమైనది కాదు మరియు స్పష్టంగా లేదు  ఈ కెమెరాను ఉపయోగించడం కష్టం మరియు పిక్చర్స్ క్లిక్ చేయడం సులభంగా లేదు ఈ కెమెరా బ్యాటరీ బ్యాకప్ చాలా తక్కువగా ఉంది చాలాకాలం ఈ కెమెరాను ఉపయోగించలేము ధర సాధారణమే కానీ  కెమెరా అంత బాగోలేదు  పిక్చర్ సరిగ్గా లేదు మరియు ఫోటోగ్రఫీ ఈ కెమెరాలో సరిగ్గా పనిచేయడం లేదు పిక్చర్ క్లిక్ వేగం స్పష్టంగా మరియు వేగవంతంగా లేదు ఈ కెమెరా ఎక్కవ కాలం పనిచెయ్యదు మరియు బ్యాటరీ బ్యాకప్ చాలా తక్కువ  కాబట్టి ఫ్రెండ్స్! ఈ కెమెరా ఎందుకూ పనికి రాదు,0
హలో నా పేరు మీత్ గత నెల నేను ఈ ప్రోడక్ట్ని కొనుగోలు చేసాను ఇది అద్భుతంగా ఉంది మరియు ఫీచర్లు అద్భుతమైన పిక్చర్ నాణ్యత  అద్భుతమైన సౌండ్ నాణ్యత  తేలికైన TV రిమోట్  ఉపయోగించడానికి సులభంగా ఉన్న బ్రైట్నెస్స్ మరియు ఖొంట్రాస్ట్ మరియు ఇది అందుబాటులో ఉన్న ఇతర బ్రాండ్లు TVలతో పోలిస్తే దీని ధర వాస్తవానికి ఉత్తమమైనది  నేను దీనికి 4/5 నక్షత్రాలను ఇస్తాను,1
హలో   నేను రికనెక్ట్ LED TV గురించి సమీక్ష ఇస్తున్నాను  నేను గత సంవత్సరం ఈ LED t vని కొనుగోలు చేసాను  ఇది నా జీవితంలో చేసిన పెద్ద తప్పుల్లో ఒకటి అవును ఈ TVని కొనుగోలు చేయడం ఒక పొరపాటు  రికనెక్ట్ తక్కువ ధరను చూసి నేను ఈ కొనుగోలు చేసాను నేను అనుకున్నాను ఇది డబ్బుకు తగ్గ  TV అని కానీ అది నేను తప్పు అని నిరూపించింది  రికనెక్ట్ వల్ల నేను ప్రతి చౌకగా ఉన్న వస్తువు డబ్బుకు తగ్గ విలువ కాదు అని గ్రహించారు  వాటిలో కొన్ని LED రికనెక్ట్ t v లాగ డబ్బు వేస్ట్ వి కూడా ఉంటాయి  నేను ఈ LED t v ను విక్రయించేసాను  నేను రికనెక్ట్  LED t v నుండి చాలా ఎక్స్పెక్ట్ చేసాను అది నా తప్పు  మీకు ఉపయోగకరంగా ఉంటే లైక్ చెయ్యండి,0
గైస్ మన అందరికి తెలుసు వివో v5 మాక్స్ మంచి రామ్ మరియు పెద్ద ROM తో ఒక కెమెరా ఫోన్ అని కానీ వివోv5 మాక్స్ లో కూడా xiomi వారి 6000 rs  స్మార్ట్ఫోన్లులో ఇచ్చే ప్రాసెసరే ఇవ్వడం చాలా నిరాశపరిచింది ఈ స్మార్ట్ఫోన్ మొత్తం మీద బానే ఉంది కాని దాని ప్రాసెసర్ వేడెక్కే సమస్య ఉంది కాబట్టి గైస్ ఈ ఫోన్ కొనద్దు అనే నేను చెబుతాను,0
కానన్ eos 1000D   - నేను ఈ కెమెరా గురించి నా వ్యక్తిగత అనుభవాన్ని పంచుకోవాలనుకుంటున్నాను  ఈ కెమెరా మంచిది కాదు మరియు డబ్బు కూడా వ్యర్థం  అస్సలు బాలేదు నేను ఈ కెమెరాతో సంతోషంగా లేను దీని పిక్చర్ నాణ్యత మంచిది కాదు మరియు మొత్తం మీద ఈ కెమెరా అస్సలు బాలేదు దీని బ్యాటరీ జీవితం బాలేదు మరియు దీనితో ఎక్కువసేపు ఫోటోలను క్లిక్ చేయలేము దాని షట్టర్ వేగం బాలేదు మరియు నాణ్యత లేని ప్రోడక్ట్ దీని కెమెరాను ఉపయోగించడానికి సులభంగా లేదు మరియు సౌకర్యంగానూ లేదు ఇది చెడు ప్రోడక్ట్ మరియు కానన్ సంస్థ యొక్క పూర్తి వ్యర్థ ప్రోడక్ట్ నేను పూర్తిగా ఈ ప్రోడక్ట్తో అలసిపోయాను,0
హాయ్ గైస్! నికాన్ D80  ఆస్ట్రేలియా యొక్క అతి పెద్ద అభిప్రాయ సైట్ ప్రోడక్ట్రివ్యూ కోమ్ ఎయు లో 7 వినియోగదారులు సమీక్షలు ఇచ్చారు 5 నక్షత్రాలలో 4 3 నికాన్కు ఎడిటర్ ఖర్చులు అదనపు;ఫ్లాష్ సింక్ 1/200 సెకన్లు బాటమ్ లైన్ నికాన్ కు పెద్ద స్కోర్లు వచ్చాయి ఏమి బాగోలేదు చెత్తగా ఉంది  ఎందుకూ పనికిరాదు  ఫోటోలు మంచిగా రావు మరియు చూడటానికి కూడా బాగోలేదు నాకు ఇదంటే ద్వేషం,0
"నేను చిన్న వయస్సులో ఉన్నప్పుడు బాగా ఫోటోగ్రఫీని చేశాను కానీ రీలు కడిగించి పిక్చర్ డెవలప్ చేయించడం ఒక నొప్పిగా మారింది  నేను అనేక సంవత్సరాలు నా పాత నికాన్ పరికరాలను దూరంగా ఉంచాను  ఇప్పుడు నేను మనవుల చిత్రాలు తీసుకొనే అవసరం వచ్చింది కాబట్టి నేను నా నికాన్స్ అన్నిటిని విక్రయించి ఈ D40 ను కొనుగోలు చేసాను  వావ్  ఈ కెమెరా ఏమేమి చేస్తుందో తల్చుకుంటేనే చాలా ఆనందంగా ఉంది దీనితో ""పాయింట్ అండ్ షూట్ ""  చాలా సులభంగా ఉంది కానీ అది కారణం కాదు నేను కొనుగోలు చేయడానికి  నాకు ఒకసారి దానిని వాడటం వస్తే నేను నా పరికరాలను సృజనాత్మకంగా వాడాలని అనుకుంటున్నాను మరియు ఈ కెమెరాతో అది అవుతుంది  ఈ కెమెరాలో నా పాత నికాన్ F కంటే చాలా ఎక్కువ ఫీచర్స్ ఉన్నాయి నేర్చుకోవడానికి నాకు కొంత సమయం పడుతుంది నేను ఇంతే చెప్తాను  ఆప్టిక్స్ చాలా బాగున్నాయి ఇది నిశ్శబ్దంగా ఉంటుంది  తేలికపాటిది మరియు అన్ని నియంత్రణలను సులభంగా యాక్సెస్ చేయవచ్చు నేను దానిని ఎలా వాడాలో తెలుసుకున్నాకా  డిజిటల్ ఫోటోగ్రఫీ గురించి నాకు నచ్చిన పెద్ద విషయం ఏమిటంటే పెద్ద 2 5 ""LCD స్క్రీన్ తో తక్షణమే ఫలితంగ చూడోచ్చు SLRలో నాకు నచ్చిన మరో విషయం ఏమిటంటే  మీరు చౌక పాయింట్ మరియు షూట్ కెమెరాలతో లభించే ""లాగ్-టైమ్"" లేకపోవడం నేను కొన్ని ఇతర కెమెరాలతో ప్రయత్నించాను కానీ నా రీలు కెమెరాలతో తీసినప్పుడు వచ్చిన నా మనవుల భావప్రకటనలు ఇతర కెమెరాలతో రాలేదు ఈ D40 తో నేను తిరిగి ఫోటోగ్రఫీని చేస్తున్నాను ఇప్పటివరకు నేను ఆశించిన ప్రతిదీ ఉంది",1
హాయ్ ఫ్రెండ్స్ ఈ ఫోన్ మంచిది కాదు కానీ ఏదో కాలక్షేపానికి పరవాలేదు  సామ్సంగ్ ఫోన్ డబ్బు వేస్ట్ ఫోన్ ఈ ఫోన్ ఫలితాలు మంచిగా లేవు  స్క్రీన్ స్పష్టంగా లేదు నేను ఈ ఫోన్ను రెండు నెలలు ఉపయోగించాను కానీ ఇప్పుడు నేను దీనిని అమ్మేస్తున్నాను సాఫ్ట్వేర్ లో లోపం ఉంది నేను ఈ ఫోన్ను ఉపయోగించాను మరియు ఈ ఫోన్ను ఎవ్వరూ కొనుగోలు చేయ్యద్దని సూచిస్తాను,0
ఈ TV మీకు సహజమైన అనుభూతిని అందిస్తుంది  LED TV అద్భుతమైన పిక్చర్ నాణ్యతను అందిస్తుంది మరియు దాని గొప్ప సౌండ్ మరియు పిక్చర్ నాణ్యత కారణంగా మీరు ఒక సినిమా హాల్ లో ఒక సినిమా చూసిన అనుభూతిని కలుగుతుంది  ఈ TV అన్ని విధాలా మంచిది మరియు డబ్బుకు తగ్గ విలువ ఉంది  ఇది అందుబాటులో ఉన్న ఇతర బ్రాండ్లు TVలతో పోలిస్తే దీని ధర వాస్తవానికి ఉత్తమమైనది దాని స్టైలిష్ డిజైన్ కూడా గొప్ప డిజైన్ కోసం చూస్తున్న వినియోగదారులు అదనపు ఫీచర్,1
నికోన్ d50 చాలా మంచి కెమెరా  ఫోటో షూట్స్ కోసం ఈ కెమెరా వాడతాం  దీనితో మంచి నాణ్యత కలిగిన పిక్చర్స్ వస్తాయి  ఫోటోగ్రఫీని ప్రారంభంలో నేర్చుకోవడానికి నికోన్ ఉత్తమ కెమెరా  పిక్చర్ నాణ్యత : కెమెరా కొనేటప్పుడు మొట్టమొదట చూసేది పిక్చర్ నాణ్యతే  పిక్చర్ నాణ్యత గురించి ప్రతికూలంగా చెప్పడానికి ఏమీ లేదు,1
సామ్సంగ్ గేలాక్సీ J2 మార్కెట్లో వచ్చినప్పుడు నేను దానిని కొన్నాను ఇది ప్రారంభంలో బాగుంది కానీ కొన్ని నెలల తర్వాత హ్యాంగ్ అవ్వడం మొదలు పెట్టింది ఎవరైనా కాల్ చేసినప్పుడు   స్క్రీన్ తెల్లగా మారిపోతోంది ఎవరు ఫోన్ చేసారో కూడా తెలియదు  ఫోను పాతదైన కొద్ది  అన్ని సామ్సంగ్ యొక్క ఫోన్లు స్లోఅయిపోతున్నాయి అలా అయ్యి అయ్యి కాంటాక్ట్స్ పోయాయి మీరు సామ్సంగ్ తీసుకోకపోతే మంచిది,0
హలో ఫ్రెండ్స్  ఈ రోజు నేను జియామి రెడ్మి 3S ప్రైమ్ గురించి మాట్లాడుతున్నాను నా కజిన్ మార్కెట్ నుండి ఈ మొబైల్ను కొనుగోలు చేసింది కేవలం రెండు నెలలు వాడాక ఈ మొబైల్  సరిగ్గా పని చేయడంలేదు ఈ స్మార్ట్ఫోన్ను ఉపయోగించడంలో కొన్ని సమస్యలు వచ్చాయి సౌండ్ నాణ్యత మంచిది కానీ ఇతర మొబైల్లతో పోలిస్తే యూజర్ ఫ్రెండ్లీ కాదు మీరు ఈ స్మార్ట్ఫోన్ను ఛార్జ్ చేస్తే అది వేడెక్కి పోతోంది మరియు మీరు ఎక్కడైనా వెళ్లి ఈ మొబైల్ ను మీ జేబులో తీసుకువెళితే అప్పుడు కూడా అది వేడెక్కి పోతోంది బ్యాటరీ బ్యాకప్ ప్రారంభంలో బానేఉంది కానీ దురదృష్టవశాత్తు కొన్ని రోజులు తర్వాత ఇది చాలా హ్యాంగ్ అయిపోతోంది ఈ స్మార్ట్ఫోన్ వర్కింగ్ లో నెమ్మదిగా ఉండటానికి కారణం ఇదే నా సమీక్షను శ్రద్ధగా చదివినందుకు ధన్యవాదాలు,0
LG43LH600T LEDTV  పిక్చర్ నాణ్యత అస్సలు బాగోలేదు  పిక్చర్ నాణ్యత చాలా నిర్జీవంగా ఉంది ఉపయోగించిన పిక్చర్ ట్యూబ్ తక్కువ నాణ్యతది  ఈ led tvలో  సౌండ్ నాణ్యత చాలా తక్కువగా ఉంది వాల్యూమ్ 100 లో ఉంది కానీ 60 లా వినబడుతుంది నేను కస్టమర్ సేవకు ఫోన్ చేసాను కానీ వారు స్పందించలేదు సేవ మరియు మద్దతు అస్సలు బాగోలేవు  ఈ led tv  పిక్చర్ మరియు  సౌండ్ నాణ్యత అస్సలు బాగోలేవు మరియు సేవ మరియు మద్దతు కూడా చాలా తక్కువగా ఉన్నాయి  నా వ్యక్తిగత అనుభవం ఈ LEDని కొనుగోలు చెయ్యవద్దు ఇది విలువైనది కాదు,0
హాయ్ గైస్ నేను ఈ కెమెరా గురించి నా వ్యక్తిగత అనుభవాన్ని పంచుకుంటాను నేను ఈ కెమెరాను గత 6 నెలలుగా ఉపయోగిస్తున్నాను కానీ నేను ఈ కెమెరా వల్ల సంతోషంగా లేను ఎందుకంటే ఇది అధిక నాణ్యమైన ఇమేజ్ని ఇవ్వదు  మార్కెట్లో లభించే ఇతర కెమెరాలతో పోలిస్తే ఈ కెమెరా ధర చాలా ఎక్కువగా ఉంది అది చాలా చాలా సాధారణమైనది ఇది వాడటానికి సౌకర్యవంతంగా లేదు ఈ కెమెరా మీద చెయ్యి వేస్తే నా డబ్బు  సమయం వృధా చేసానేమోనని అనిపిస్తుంది దీనితో పూర్తిగా డబ్బు వ్యర్థం చాలామంది ఈ కెమెరాని ఇష్టపడరు   నాకు కూడా ఇష్టం లేదు  ధన్యవాదాలు,0
నేను ఈ TVని ఇటీవలే స్నేహితుని సిఫార్సు వల్ల కొనుగోలు చేసాను  TV యోక్క సౌండ్ మరియు పిక్చర్ నాణ్యత అద్భుతమైనవి గది లోపల కూర్చొని మీరు TV స్క్రీన్ యొక్క వైబ్రెంట్ రంగులు మరియు అద్భుతమైన పిక్చర్ నాణ్యతను అనందంగా అనుభవించచ్చు పిక్చర్ నాణ్యత అద్భుతగా ఉంది సామ్సంగ్ సర్వీస్ మరియు సప్పొర్ట్ కూడా అద్భుతంగా ఉంటాయి కొత్త TVని కొనుగోలు చేయాలనుకునే ఎవరికైనా నేను ఈ TVని సిఫార్సు చేస్తాను దీనికి డబ్బుకు తగ్గ విలువ ఉంది,1
ఇది నేను ఇప్పటివరకు చూసిన చెత్త కెమెరాలలో ఒక్కటి నేను ఇటీవలే డెల్లిలో నా ఇంటికి సమీపంలోని క్రోమా మరియు రిలయన్స్ డిజిటల్ కి వెళ్లాను నేను పదిహేను నుండి ఇరవై దుకాణాలకు వెళ్లాను  నేను అక్కడ కలిసిన ప్రతి ఉద్యోగస్తుడూ దీనిని కొనుగోలు చేయవద్దు అని చెప్పాడు ఎందుకంటే ఈ కెమెరా ప్రొఫెషనల్ ఫోటోగ్రఫికి ఉద్దేశించినది కాదు  ఇంటిలో చిత్రాలను క్లిక్ చేయడానికి మాత్రమే,0
హలో ఫ్రెండ్స్ ఈ వినోద రంగంలో మరొక టెలివిజన్ సిస్టెం  ఈ టెలివిజన్ సిస్టెం కి మంచి సౌండ్ నాణ్యత  మంచి పిక్చర్ నాణ్యత మరియు ఎక్కువ కాలం పనిచేస్తుంది ఈ LED TV సంస్థ కాలం పాటు వారంటీ అందిస్తుంది  ఈ LED TV వారంటీ వ్యవధిలో ఉండగా సమస్య వస్తే  మీరు ఆ సంస్థకి కాల్ చేస్తే వాళ్ళు మీ సమస్య పరిష్కరిస్తారు మీకు ఏవైనా ఇతర సమస్యలు ఉంటే  హెల్ప్ లైన్ నంబర్కు కాల్ చేయవచ్చు,1
ఇది నా మొదటి dslr కెమెరా నాకు చాలా నచ్చింది ఘన నాణ్యత పిక్చర్ నాణ్యత మరియు సులభంగా అర్థం అయ్యే ఫీచర్స్  అద్భుతమైన కెమెరా ఇది చౌక కాదు కానీ డిజిటల్ ఫోటోగ్రఫీకి d70 ఉత్తమం ఇది 6 1 మాగ్పిక్సల్ది   200-1600 మరియు 3 ఫ్రేములు / క్షణంలో నిరంతరంగా ఉంటుంది ఒక వివాహంలో d70తో ఓఅతిధి షూటింగ్ చేయడం నేను చేశాను,1
తన కోసం ఉపయోగించుకోవడానికి ఇది ఒక గొప్ప TV   నేను కూడా ఈ ప్రోడక్ట్ని ఉపయోగించవచ్చు మరియు కొనుగోలు చేయడానికి ఇది చాలా గొప్ప ప్రోడక్ట్ మరియు ఇది ఉపయోగించడానికి సులభం  నేను ఈ ప్రోడక్ట్ని ఉపయోగిస్తున్నాను  నేను దీనితో కొన్ని అద్భుతమైన పిక్చర్స్ తీసుకున్నాను  ఈ పిక్చర్స్ లో ఏదో మాయా ఉంది  నా దగ్గర D40 ఉంది ప్రతి ఒక్కరూ మంచి షాట్లు తీయవచ్చు దీనితో,1
ఈ ఫోన్కు ఎక్కువ విలువ లేదు  ఈ ధర కి నేను Moto g5   రెడ్మి నోట్ 4 లేదా నుబియా z11 మిని ని సిఫార్సు చేస్తాను డిజైన్  రామ్  720p డిస్ప్లే  మీడియట్క్ ప్రాసెసర్  బ్యాటరీ ZTE Z11 తో పోలిస్తే కెమెరా తక్కువగా ఉంటుంది  మినీ s  అధిక ధర వేగంగా చార్జింగ్ మద్దతు లేదు డబ్బు వ్యర్థం సేవ సెంటర్ సమస్య  కాబట్టి  ఎవరూ ఈ ఫోన్ కొనుగోలు చెయ్యద్దు,0
హాయ్ గైస్  జియోమి రెడ్మి 4A నవంబర్ 2016 లో ప్రారంభించబడింది దీని యొక్క స్పెసిఫికేషన్స్ ఇలా ఉన్నాయి డిస్ప్లే: 5 అంగుళాల టచ్ స్క్రీన్ రిజల్యూషన్ చిత్రం స్పష్టత  :720*1280 ప్రాసెసర్:1 45 క్వాడ్ కోర్ 2GB RAM తో ఇంటర్నల్ మెమరీ: 16 GB ఉంది 128GB వరకు విస్తరించవచ్చు ధర: 5  999INR నా స్నేహితుడు ఒకడు దానిని కొనుగోలు చేసాడు మరియు అది చాలా బాగుంది ఎక్కడికైనా తీసుకుని వెళ్ళ వచ్చు సులభంగా  మంచి బ్యాటరీ బ్యాకప్ ఇది 1 45 క్వాడ్ కోర్ ప్రాసెసర్ కలిగి ఉన్నందు వల్ల ఒకే సమయంలో 4 ఏప్స్ హేన్డిల్ చేయగలదు బ్యాక్ గ్రౌండ్ లో  ఈ ధరలో ఇది మంచి విలువైన ప్రోడక్ట్ దీనిలో నాకు నచ్చిన విషయం ఏమిటంటే దాని బ్యాటరీ నిరంతరం 1 గంట సేపు ఆట ఆడిన తరువాత కూడా వేడిఎక్కట్లేదు,1
నిజంగా ఈ ప్రోడక్ట్ అద్భుతంగా ఉంది ఈ ప్రోడక్ట్ యొక్క పిక్చర్ నాణ్యత మరియు స్పష్టత చాలా బాగున్నాయి ఈ పరికరం నుండి తీసిన చిత్రాన్ని చూసిన తర్వాత ప్రజలు ఈ ప్రోడక్ట్ని కొనుగోలు చేయడానికి ఆసక్తి చూపిస్తారు  సరసమైన ధరలో ఉంది బ్యాటరీ వ్యవధి ఎక్కువ మరియు ప్రధాన విషయం ఏమిటంటే మీరు ఈ పరికరాన్ని ఎక్కడికైనా తీసుకొని వెళ్లవచ్చు,1
సామ్సంగ్ ఫోన్లు అప్పుడప్పుడు స్పందిచవు నేను చాలా శామ్సంగ్ ఫోన్లను ఉపయోగించాను ఆ అనుభవాన్ని నేను మీకు సూచిస్తున్నాను వేరొకదాన్ని ప్రయత్నించండి ఫోన్ సౌండ్ ఉండవలసినంత ఎక్కువగా లేదు సామ్సంగ్ ఎల్లప్పుడూ యూజర్ ఫ్రెండ్లీ ఫోన్ సామ్సంగ్ పూర్తిగా దాని ఫోన్ స్టైల్ ఆధారంగానే విక్రయిస్తుంది ఇతర ఫీచర్స్ చాలా తక్కువగా ఉన్నాయి చూడటానికి బాగుంది కానీ అది మంచి అనుభూతిని ఇవ్వలేదు ఫీచర్లు తో పోలిస్తే ఫోన్ యొక్క ధర చాలా ఎక్కువ,0
హలో గయ్స్ నేడు నేను సామ్సంగ్ గెలాక్సీ J2 2016  మీద నా అభిప్రాయాన్ని తెలియజేయాలనుకుంటున్నాను  నేను సెప్టెంబర్ 2016 లో ఈ ఫోన్ కొనుగోలు చేశాను  నేను ఈ ఫోన్ వల్ల ఏ సమస్యలు ఎదుర్కోలేదు ఇది 2600 mah బ్యాటరీతో ఉంది  4g నెట్వర్క్తో వాయిస్ కాల్ కూడా ఉంది ఇందులో 8 మెగా పిక్సల్ బ్యాక్ కెమెరా  5 మెగా పిక్సల్ ఫ్రంట్ కెమెరా ఉన్నాయి ఫోన్ ధర ఇప్పుడు 9500 గా ఉంది  ఇది 10000 కన్నా తక్కువ  సో ఫ్రెండ్స్ మీరు ఈ ఫోన్ కొనుగోలు చేయాలి అనుకుంటే ఈ ధరకి ఇది చాలా మంచిది,1
LCD నిర్మాణం  మీరు మొదట LCD నిర్మాణాన్ని తెలుసుకోవాలి అది ఏ రకంమో ఒక LCD రెండు గాజు పలకలను కలిగి ఉంటుంది LCD అంటే లిక్విడ్ క్రిస్టల్ డిస్ప్లే ఇది చాలా స్పష్టంగా తెలుస్తోంది లిక్విడ్ క్రిస్టల్ LCD లలో ఉపయోగించబడుతుందని ద్రవ క్రిస్టల్ ప్లేట్ల మధ్య ఉపయోగించబడుతుంది LCD ప్రతికూలతలు = ద్రవత కలిగి ఉన్నందున మీరు వివిధ కోణాల నుండి స్పష్టంగా చూడలేరు మీరు LCD ముందు కూర్చుని ఉంటే మీరు స్పష్టంగా గ్రాఫిక్స్ చూడగలరు కానీ మరొక వ్యక్తి మీ కుడి లేదా ఎడమవైపు కూర్చుని ఉంటే వాళ్ళు స్పష్టంగా చూడలేరు లోపాలు  ఇది హానికరమైన రేడియేషన్లను ప్రసరిస్తుంది కాబట్టి మీ కంటి చూపును తీవ్రంగా ప్రభావితం చేస్తుంది  నమ్మకపోతే మీరు కోణాన్ని మార్చకుండా 5 నిమిషాలు LCD ముందు కూర్చుని చూడండి LED హానికరమైన రేడియేషన్లను ప్రసరింప చేయదు LCDS కి బదులుగా LED లను కొనుగోలు చేయమని నేను సిఫార్సు చేస్తున్నాను,0
నేను వివో v5 మొబైల్ ఫోన్ అంత మంచిది కాదు అని అనుకుంటున్నాను మొత్తం మీద మంచిదే కానీ మరీ అంత మంచిది కాదు నాకు ఈ ఫోన్ ఇష్టం లేదు ఈ మొబైల్ ఫోన్ యొక్క ప్రాసెసర్ వేగం మరీ తక్కువ వివో V 5 యొక్క పిక్చర్ నాణ్యత తక్కువగా ఉంది ఈ ఫోన్ ఇష్టం లేకపోవడానికి పెద్ద కారణం దాని ధర చాలా ఎక్కువగా ఉందిని  ఈ ఫోన్ యొక్క కెమెరా నాణ్యత మంచిది నేను ఈ ఫోన్ నాకు సరైనది కాదు అని అనుకుంటున్నాను ధన్యవాదాలు,0
